if_customer_buys,recommend,orders_together,confidence,lift,pair_type
PAINTED METAL PEARS ASSORTED,ASSORTED COLOUR BIRD ORNAMENT,529,0.7158,9.294,Cross-category
PINK BUTTERFLY HANDBAG W BOBBLES,JUMBO BAG RED RETROSPOT,106,0.7067,6.4472,Cross-category
BLUE SAVANNAH PICNIC HAMPER FOR 2,PARTY BUNTING,122,0.6778,9.2918,Cross-category
PINK BUTTERFLY HANDBAG W BOBBLES,SMALL POPCORN HOLDER,100,0.6667,10.6239,Cross-category
BEADED CRYSTAL HEART GREEN ON STICK,FLORAL FOLK STATIONERY SET,143,0.662,41.6521,Cross-category
BEADED CRYSTAL HEART GREEN ON STICK,VINTAGE PAISLEY STATIONERY SET,142,0.6574,36.3799,Cross-category
ENVELOPE 50 ROMANTIC IMAGES,PACK OF 72 RETROSPOT CAKE CASES,113,0.6494,7.5659,Cross-category
BEADED CRYSTAL HEART GREEN ON STICK,SUKI SHOULDER BAG,138,0.6389,25.1824,Cross-category
BEADED CRYSTAL HEART GREEN ON STICK,JUMBO BAG RED RETROSPOT,138,0.6389,5.8288,Cross-category
BEADED CRYSTAL HEART PINK ON STICK,VINTAGE PAISLEY STATIONERY SET,169,0.633,35.0269,Cross-category
BEADED CRYSTAL HEART GREEN ON STICK,GREEN REGENCY TEACUP AND SAUCER,132,0.6111,16.4087,Cross-category
BEADED CRYSTAL HEART GREEN ON STICK,SMALL POPCORN HOLDER,132,0.6111,9.7386,Cross-category
BLUE SAVANNAH PICNIC HAMPER FOR 2,JUMBO BAG RED RETROSPOT,110,0.6111,5.5754,Cross-category
BEADED CRYSTAL HEART PINK ON STICK,FLORAL FOLK STATIONERY SET,161,0.603,37.9376,Cross-category
ENVELOPE 50 ROMANTIC IMAGES,STRAWBERRY CERAMIC TRINKET BOX,104,0.5977,8.9438,Cross-category
