desc_a,desc_b,orders_together,support_pct,confidence_a_to_b,confidence_b_to_a,lift,pair_type
SET/6 FRUIT SALAD PAPER CUPS,SET/6 FRUIT SALAD PAPER PLATES,109,0.3003,0.8015,0.7622,203.4614,Same family
CAST IRON HOOK GARDEN FORK,CAST IRON HOOK GARDEN TROWEL,147,0.4049,0.8596,0.8547,181.4359,Same family
COFFEE MUG BLUE PAISLEY DESIGN,COFFEE MUG PINK PAISLEY DESIGN,101,0.2782,0.6048,0.7014,152.466,Same family
CHRISTMAS MUSICAL ZINC TREE,CHRISTMAS MUSICAL ZINC STAR,113,0.3113,0.7847,0.5979,150.7248,Same family
DOLLY GIRL CHILDRENS BOWL,DOLLY GIRL CHILDRENS CUP,152,0.4187,0.7958,0.7795,148.1515,Same family
ENAMEL PINK TEA CONTAINER,ENAMEL PINK COFFEE CONTAINER,130,0.3581,0.6952,0.7602,147.583,Same family
DOLLY GIRL BEAKER,SPACEBOY BEAKER,124,0.3416,0.7126,0.6739,140.6,Same family
SET 36 COLOUR PENCILS SPACEBOY,SET 36 COLOUR PENCILS DOLLY GIRL,104,0.2865,0.5622,0.7075,138.8273,Same family
KIDS RAIN MAC BLUE,KIDS RAIN MAC PINK,171,0.471,0.8301,0.7844,138.2302,Same family
HEART WREATH DECORATION WITH BELL,STAR WREATH DECORATION WITH BELL,107,0.2947,0.5753,0.7039,137.3908,Same family
HERB MARKER PARSLEY,HERB MARKER CHIVES,204,0.562,0.8193,0.9273,135.1882,Same family
HERB MARKER THYME,HERB MARKER ROSEMARY,232,0.6391,0.9355,0.9206,134.7616,Same family
WHITE ROCKING HORSE HAND PAINTED,RED ROCKING HORSE HAND PAINTED,113,0.3113,0.5885,0.7107,134.3726,Same family
RED/CREAM STRIPE CUSHION COVER,BLUE/CREAM STRIPE CUSHION COVER,103,0.2837,0.7055,0.5365,133.3871,Same family
HERB MARKER THYME,HERB MARKER CHIVES,200,0.5509,0.8065,0.9091,133.0718,Same family
BLUE ROSE FABRIC MIRROR,PINK ROSE FABRIC MIRROR,106,0.292,0.5579,0.6928,132.3706,Same family
HERB MARKER THYME,HERB MARKER PARSLEY,224,0.617,0.9032,0.8996,131.6823,Same family
PINK VINTAGE SPOT BEAKER,BLUE VINTAGE SPOT BEAKER,153,0.4215,0.801,0.6923,131.582,Same family
HERB MARKER MINT,HERB MARKER CHIVES,197,0.5427,0.7944,0.8955,131.0758,Same family
HERB MARKER ROSEMARY,HERB MARKER CHIVES,199,0.5482,0.7897,0.9045,130.3048,Same family
