order_id,customer_id,order_date,freight,ship_country
10540,QUICK,1997-05-19,1007.64,Germany
10691,QUICK,1997-10-03,810.05,Germany
10514,ERNSH,1997-04-22,789.95,Austria
10479,RATTC,1997-03-19,708.95,USA
10612,SAVEA,1997-07-28,544.08,USA
10634,FOLIG,1997-08-15,487.38,France
10633,ERNSH,1997-08-15,477.9,Austria
10430,ERNSH,1997-01-30,458.78,Austria
10694,QUICK,1997-10-06,398.36,Germany
10678,SAVEA,1997-09-23,388.98,USA
10605,MEREP,1997-07-21,379.13,Canada
10424,MEREP,1997-01-23,370.61,Canada
10510,SAVEA,1997-04-18,367.63,USA
10658,QUICK,1997-09-05,364.15,Germany
10657,SAVEA,1997-09-04,352.69,USA
