Region,Year,Sales,Profit,Order_Lines
Central,2014,112301.83,10912.09,597
Central,2015,117154.96,2144.08,583
Central,2016,136682.7,17783.62,574
Central,2017,134643.37,8816.09,565
East,2014,194338.93,31804.9,723
East,2015,190771.99,21408.75,723
East,2016,149595.65,22454.27,722
East,2017,143728.62,15838.39,677
South,2014,121935.98,13859.17,416
South,2015,85380.79,12287.78,418
South,2016,89697.41,8533.72,396
South,2017,94707.72,12068.75,390
West,2014,198516.35,33081.54,792
West,2015,168515.22,22782.0,795
West,2016,177418.71,26877.47,791
West,2017,180805.35,25588.8,815
