Region,Year,Sales,Prior_Year_Sales,Abs_Change,YoY_Growth_Pct
Central,2014,112301.83,,,
Central,2015,117154.96,112301.83,4853.13,4.32
Central,2016,136682.7,117154.96,19527.74,16.67
Central,2017,134643.37,136682.7,-2039.33,-1.49
East,2014,194338.93,,,
East,2015,190771.99,194338.93,-3566.94,-1.84
East,2016,149595.65,190771.99,-41176.34,-21.58
East,2017,143728.62,149595.65,-5867.04,-3.92
South,2014,121935.98,,,
South,2015,85380.79,121935.98,-36555.19,-29.98
South,2016,89697.41,85380.79,4316.62,5.06
South,2017,94707.72,89697.41,5010.31,5.59
West,2014,198516.35,,,
West,2015,168515.22,198516.35,-30001.12,-15.11
West,2016,177418.71,168515.22,8903.49,5.28
West,2017,180805.35,177418.71,3386.64,1.91
