Region,Year_Quarter,Sales,QoQ_Growth_Pct
Central,2014-Q1,25899.52,
Central,2014-Q2,39235.34,51.49
Central,2014-Q3,24910.09,-36.51
Central,2014-Q4,22256.87,-10.65
Central,2015-Q1,30441.58,36.77
Central,2015-Q2,34305.58,12.69
Central,2015-Q3,28999.92,-15.47
Central,2015-Q4,23407.88,-19.28
Central,2016-Q1,53640.6,129.16
Central,2016-Q2,28248.84,-47.34
Central,2016-Q3,32287.97,14.3
Central,2016-Q4,22505.3,-30.3
Central,2017-Q1,39749.5,76.62
Central,2017-Q2,35857.48,-9.79
Central,2017-Q3,40955.65,14.22
Central,2017-Q4,18080.73,-55.85
East,2014-Q1,44918.99,
East,2014-Q2,49386.02,9.94
East,2014-Q3,34279.3,-30.59
East,2014-Q4,65754.63,91.82
East,2015-Q1,61145.41,-7.01
East,2015-Q2,60578.44,-0.93
East,2015-Q3,27215.59,-55.07
East,2015-Q4,41832.54,53.71
East,2016-Q1,34966.25,-16.41
East,2016-Q2,40162.81,14.86
East,2016-Q3,37251.99,-7.25
East,2016-Q4,37214.59,-0.1
East,2017-Q1,42777.06,14.95
East,2017-Q2,40081.51,-6.3
East,2017-Q3,26553.43,-33.75
East,2017-Q4,34316.61,29.24
South,2014-Q1,20443.27,
South,2014-Q2,23332.79,14.13
South,2014-Q3,48808.8,109.19
South,2014-Q4,29351.12,-39.87
South,2015-Q1,16885.88,-42.47
South,2015-Q2,24520.09,45.21
South,2015-Q3,21778.8,-11.18
South,2015-Q4,22196.02,1.92
South,2016-Q1,17828.55,-19.68
South,2016-Q2,29709.48,66.64
South,2016-Q3,21230.39,-28.54
South,2016-Q4,20928.99,-1.42
South,2017-Q1,34750.17,66.04
South,2017-Q2,16491.49,-52.54
South,2017-Q3,23527.04,42.66
South,2017-Q4,19939.02,-15.25
West,2014-Q1,52425.21,
West,2014-Q2,37351.21,-28.75
West,2014-Q3,56873.09,52.27
West,2014-Q4,51866.84,-8.8
West,2015-Q1,43814.44,-15.53
West,2015-Q2,38625.61,-11.84
West,2015-Q3,45102.8,16.77
West,2015-Q4,40972.37,-9.16
West,2016-Q1,57834.86,41.16
West,2016-Q2,39185.65,-32.25
West,2016-Q3,39186.69,0.0
West,2016-Q4,41211.51,5.17
West,2017-Q1,53458.54,29.72
West,2017-Q2,34771.95,-34.96
West,2017-Q3,48509.45,39.51
West,2017-Q4,44065.42,-9.16
