Region,Sub,Year,Base,YoY
Central,Accessories,2015,7443.568,43.34039804566843
Central,Accessories,2016,10669.640000000001,-24.468641866079842
Central,Accessories,2017,8058.924,-3.412118044542911
Central,Appliances,2015,5018.29,65.86829378134784
Central,Appliances,2016,8323.752,-43.54499028803357
Central,Appliances,2017,4699.175,17.910399165811008
Central,Art,2015,1659.118,-16.533362907279646
Central,Art,2016,1384.81,15.105899004195521
Central,Art,2017,1593.998,-29.27130397905142
Central,Binders,2015,3986.926,77.42481300129474
Central,Binders,2016,7073.796,140.49556984679796
Central,Binders,2017,17012.166,69.56588596654889
Central,Bookcases,2015,4731.316,122.09162947475924
Central,Bookcases,2016,10507.8568,-63.35733086884092
Central,Bookcases,2017,3850.3592,31.61485816699907
Central,Chairs,2015,20923.214,0.28855509483389774
Central,Chairs,2016,20983.589,31.662567352038785
Central,Chairs,2017,27627.532,-44.59750874598571
Central,Copiers,2015,7109.85,-87.06057089812022
Central,Copiers,2016,919.9739999999999,2175.0508166535146
Central,Copiers,2017,20929.876000000004,-60.34439000020833
Central,Envelopes,2015,1074.256,-37.726203065191164
Central,Envelopes,2016,668.98,17.5682382133995
Central,Envelopes,2017,786.508,167.90929017886657
Central,Fasteners,2015,274.25,-42.21914311759344
Central,Fasteners,2016,158.464,-27.865004038772213
Central,Fasteners,2017,114.30799999999999,102.09259194457081
Central,Furnishings,2015,3200.8379999999997,29.58406517293284
Central,Furnishings,2016,4147.776,-1.6661459056612427
Central,Furnishings,2017,4078.668,-6.16819020327225
Central,Labels,2015,1339.1779999999999,-65.3747298716078
Central,Labels,2016,463.694,-3.304334323929148
Central,Labels,2017,448.372,-55.34333098409356
Central,Machines,2015,4514.1849999999995,-8.448856216570633
Central,Machines,2016,4132.7880000000005,33.33539005630097
Central,Machines,2017,5510.469,129.38051189472256
Central,Paper,2015,5264.516,-17.60841832373574
Central,Paper,2016,4337.518,-13.012188076222387
Central,Paper,2017,3773.112,7.424640455941933
Central,Phones,2015,21243.876,0.32619282846499953
Central,Phones,2016,21313.172,-26.310077167302925
Central,Phones,2017,15705.66,-9.965108120257282
Central,Storage,2015,10458.196,38.093032488585976
Central,Storage,2016,14442.039999999999,-24.083065827265393
Central,Storage,2017,10963.954,-8.190767673778998
Central,Supplies,2015,8356.772,-94.90681330063809
Central,Supplies,2016,425.626,-63.32742830560163
Central,Supplies,2017,156.08800000000002,238.83834759879034
Central,Tables,2015,5703.4800000000005,26.264719083787426
Central,Tables,2016,7201.483,57.933164599569295
Central,Tables,2017,11373.53,30.79912744767894
East,Accessories,2015,10673.902,28.27708180195021
East,Accessories,2016,13692.17,-30.76441499046536
East,Accessories,2017,9479.854,18.012851252772457
East,Appliances,2015,9712.082,3.6235278903122836
East,Appliances,2016,10064.002,-14.104011505562097
East,Appliances,2017,8644.574,-33.2782853151584
East,Art,2015,2179.664,-12.98824038934442
East,Art,2016,1896.564,-12.162837636905488
East,Art,2017,1665.888,4.667780787183795
East,Binders,2015,17662.173,-2.976451425314419
East,Binders,2016,17136.467,-30.500499315290607
East,Binders,2017,11909.759,-42.99130654113152
East,Bookcases,2015,9144.49,62.710878354068946
East,Bookcases,2016,14879.079999999998,-43.729148576390465
East,Bookcases,2017,8372.585000000001,36.43550946332583
East,Chairs,2015,24153.088,7.402163234779757
East,Chairs,2016,25940.939,2.7007349271358283
East,Chairs,2017,26641.535,-27.767866979136148
East,Copiers,2015,22479.888000000003,-47.864731354533454
East,Copiers,2016,11719.949999999999,-54.77893677020806
East,Copiers,2017,5299.886,158.86854924804044
East,Envelopes,2015,701.678,80.97531916349095
East,Envelopes,2016,1269.864,47.25765908790231
East,Envelopes,2017,1869.972,-71.42417105710675
East,Fasteners,2015,169.31,46.95883291004665
East,Fasteners,2016,248.816,-16.343000450131818
East,Fasteners,2017,208.15200000000002,-7.0679119105269255
East,Furnishings,2015,7853.4,2.5628899584893228
East,Furnishings,2016,8054.674,-28.104079693355686
East,Furnishings,2017,5790.982,27.30697487921736
East,Labels,2015,445.714,74.39927846107595
East,Labels,2016,777.322,-28.010271161757938
East,Labels,2017,559.592,46.59001558278175
East,Machines,2015,29018.775,-31.539184545178088
East,Machines,2016,19866.489999999998,-40.24395351166713
East,Machines,2017,11871.429,-54.938272384899925
East,Paper,2015,3537.072,36.67468459788208
East,Paper,2016,4834.282,52.67446127470428
East,Paper,2017,7380.714,-40.98318943126641
East,Phones,2015,23223.762,8.006153352760004
East,Phones,2016,25083.092,-2.828391332296676
East,Phones,2017,24373.644,14.609387090416192
East,Storage,2015,24219.134000000002,-37.93545219246898
East,Storage,2016,15031.496000000001,7.610420147136376
East,Storage,2017,16175.456,0.06826391787655428
East,Supplies,2015,1158.386,428.3756882420886
East,Supplies,2016,6120.63,-74.94225267660354
East,Supplies,2017,1533.6919999999998,26.975168417126795
East,Tables,2015,8006.415,76.8101453646857
East,Tables,2016,14156.154,-44.77356632316941
East,Tables,2017,7817.939,17.15746311144151
South,Accessories,2015,8797.886,-41.9485317268262
South,Accessories,2016,5107.302,35.98111096622052
South,Accessories,2017,6944.965999999999,-7.46390983051608
South,Appliances,2015,5366.436,7.070912613138414
South,Appliances,2016,5745.892,-38.8728851847546
South,Appliances,2017,3512.2980000000002,39.52973238603328
South,Art,2015,878.026,-13.678410434315147
South,Art,2016,757.926,34.53793642123373
South,Art,2017,1019.698,96.1337572496955
South,Binders,2015,14087.725,-0.2704978979927608
South,Binders,2016,14049.618,-58.22806000846429
South,Binders,2017,5868.798,-48.46985703034932
South,Bookcases,2015,2506.332,4.15220329948307
South,Bookcases,2016,2610.4,-42.773368066196745
South,Bookcases,2017,1493.844,187.09731404350117
South,Chairs,2015,8062.106,11.692279908004188
South,Chairs,2016,9004.75,46.86870818179294
South,Chairs,2017,13225.16,12.546313239310525
South,Copiers,2015,2499.8900000000003,76.00494421754556
South,Copiers,2016,4399.93,-56.36403306416239
South,Copiers,2017,1919.952,-75.0002083385418
South,Envelopes,2015,514.084,122.84918418001732
South,Envelopes,2016,1145.632,-28.297393927543936
South,Envelopes,2017,821.448,5.227841567573366
South,Fasteners,2015,69.736,150.6108753011357
South,Fasteners,2016,174.766,16.405937081583378
South,Fasteners,2017,203.438,-72.77991329053569
South,Furnishings,2015,5107.882,-14.66717516183811
South,Furnishings,2016,4358.7,-19.717025718677583
South,Furnishings,2017,3499.294,24.048107989783098
South,Labels,2015,657.448,-28.76759834998357
South,Labels,2016,468.316,-21.82457998445494
South,Labels,2017,366.108,135.26063347427532
South,Machines,2015,28408.885,-94.12161019343068
South,Machines,2016,1669.985,84.4327943065357
South,Machines,2017,3080.0,573.1198051948052
South,Paper,2015,3215.098,22.945117069526333
South,Paper,2016,3952.806,-26.15463546655211
South,Paper,2017,2918.964,39.23145335125751
South,Phones,2015,21189.296,-46.063116018578434
South,Phones,2016,11428.846,42.490816658129795
South,Phones,2017,16285.056,-42.2707542424171
South,Storage,2015,7611.6939999999995,-5.118807981508445
South,Storage,2016,7222.066,54.51578537221897
South,Storage,2017,11159.232,-12.403756817673484
South,Supplies,2015,53.065999999999995,4914.095654468021
South,Supplies,2016,2660.7799999999997,105.10474372176581
South,Supplies,2017,5457.3859999999995,-97.29364937719266
South,Tables,2015,12910.3905,-17.716869214761545
South,Tables,2016,10623.0735,12.225242534564028
South,Tables,2017,11921.77,-29.029347152310436
West,Accessories,2015,10600.466,48.50907497840189
West,Accessories,2016,15742.654,10.21794673248868
West,Accessories,2017,17351.23,0.39499217058387437
West,Appliances,2015,5870.666,46.29818831457963
West,Appliances,2016,8588.678,-20.786924367172688
West,Appliances,2017,6803.356,31.90013869625521
West,Art,2015,1583.45,100.76882756007453
West,Art,2016,3179.074,-18.848318724257453
West,Art,2017,2579.872,-27.98441162972426
West,Binders,2015,20672.399999999998,-64.73885954219152
West,Binders,2016,7289.324,151.3562162966003
West,Binders,2017,18322.168999999998,-47.18300000398423
West,Bookcases,2015,9811.299500000001,-23.934821274184937
West,Bookcases,2016,7462.9825,11.40400637412724
West,Bookcases,2017,8314.0615,25.279082912725627
West,Chairs,2015,31093.976,-18.357613706269017
West,Chairs,2016,25385.864,-2.828566323367998
West,Chairs,2017,24667.808,-16.353816277473864
West,Copiers,2015,21079.805999999997,-41.27181246354923
West,Copiers,2016,12379.788,-20.27474137683134
West,Copiers,2017,9869.818,-34.95493027328366
West,Envelopes,2015,1423.484,-26.68804145322321
West,Envelopes,2016,1043.584,-29.602791917085735
West,Envelopes,2017,734.654,24.735998170567353
West,Fasteners,2015,194.68,18.662420382165614
West,Fasteners,2016,231.012,19.100306477585583
West,Fasteners,2017,275.136,-19.171609676669
West,Furnishings,2015,6696.384,23.750698884651776
West,Furnishings,2016,8286.822,-11.502382940046251
West,Furnishings,2017,7333.64,5.455735487425062
West,Labels,2015,1325.394,52.504085577571644
West,Labels,2016,2021.28,-61.36408612364441
West,Labels,2017,780.94,16.489358977642322
West,Machines,2015,9480.978,10.565798169766904
West,Machines,2016,10482.719000000001,33.98963570424809
West,Machines,2017,14045.757,-39.94864071762028
West,Paper,2015,5147.136,74.05512502486818
West,Paper,2016,8958.854,-31.081185160512714
West,Paper,2017,6174.336,1.3307989717436852
West,Phones,2015,27999.256,-22.69308870207123
West,Phones,2016,21645.36,27.18794235808506
West,Phones,2017,27530.288,-21.86987655196342
West,Storage,2015,16026.792,13.673453801609202
West,Storage,2016,18218.208,-2.7961915903034873
West,Storage,2017,17708.792,4.91432730137662
West,Supplies,2015,13906.596,-87.22926875850855
West,Supplies,2016,1775.974,-2.5506004029338114
West,Supplies,2017,1730.6760000000002,-58.75160919779323
West,Tables,2015,15603.583,1.4064910604186132
West,Tables,2016,15823.046,-16.601519075404315
West,Tables,2017,13196.18,204.11644127315628
