Customer ID,Customer Name,Order_Count,Order_Lines,Total_Sales,Total_Profit,Avg_Order_Value,Items_per_Order,Order_Count_Rank
EP-13915,Emily Phan,17,31,5478.06,144.96,322.24,1.82,1
ZC-21910,Zuschuss Carroll,13,31,8025.71,-1032.15,617.36,2.38,2
JE-15745,Joel Eaton,13,23,6760.82,221.8,520.06,1.77,2
SH-19975,Sally Hughsby,13,29,3406.84,558.47,262.06,2.23,2
CK-12205,Chloris Kastensmidt,13,32,3154.86,141.28,242.68,2.46,2
PG-18820,Patrick Gardner,13,26,3086.91,137.46,237.45,2.0,2
NS-18640,Noel Staavos,13,26,2964.82,-234.77,228.06,2.0,2
EA-14035,Erin Ashbrook,13,25,2846.7,-52.74,218.98,1.92,2
KL-16645,Ken Lonsdale,12,29,14175.23,806.86,1181.27,2.42,9
CL-12565,Clay Ludtke,12,28,10880.55,1933.78,906.71,2.33,9
EH-13765,Edward Hooks,12,32,10310.88,1393.52,859.24,2.67,9
PK-19075,Pete Kriz,12,25,8646.93,2038.27,720.58,2.08,9
KD-16495,Keith Dawkins,12,28,8181.26,3038.63,681.77,2.33,9
AH-10690,Anna Häberlin,12,23,7888.29,1298.02,657.36,1.92,9
LC-16885,Lena Creighton,12,23,7663.13,1288.35,638.59,1.92,9
BD-11320,Bill Donatelli,12,19,5718.52,1094.5,476.54,1.58,9
SM-20950,Suzanne McNair,12,22,5563.39,581.57,463.62,1.83,9
RP-19390,Resi Pölking,12,25,5153.08,465.25,429.42,2.08,9
RB-19465,Rick Bensley,12,23,4715.47,640.55,392.96,1.92,9
SJ-20125,Sanjit Jacobs,12,24,3949.66,144.12,329.14,2.0,9
CC-12220,Chris Cortes,12,22,3913.42,393.96,326.12,1.83,9
DK-12835,Damala Kotsonis,12,27,3256.48,881.12,271.37,2.25,9
HG-14965,Henry Goldwyn,12,17,3247.64,-2797.96,270.64,1.42,9
CS-12250,Chris Selesnick,12,28,2754.22,738.36,229.52,2.33,9
KB-16585,Ken Black,12,23,2744.74,579.36,228.73,1.92,9
BP-11095,Bart Pistole,12,20,2442.04,433.98,203.5,1.67,9
SE-20110,Sanjit Engle,11,19,12209.44,2650.68,1109.95,1.73,27
GT-14710,Greg Tran,11,29,11820.12,2163.43,1074.56,2.64,27
JL-15835,John Lee,11,34,9799.92,228.91,890.9,3.09,27
LA-16780,Laura Armstrong,11,26,8673.22,2059.12,788.47,2.36,27
JD-15895,Jonathan Doherty,11,32,7610.86,1050.27,691.9,2.91,27
PO-18850,Patrick O'Brill,11,22,7473.83,38.48,679.44,2.0,27
BM-11650,Brian Moss,11,29,7294.18,2199.28,663.11,2.64,27
Dp-13240,Dean percer,11,29,7198.76,333.36,654.43,2.64,27
JG-15160,James Galang,11,18,6366.39,1415.67,578.76,1.64,27
WB-21850,William Brown,11,37,6160.1,714.33,560.01,3.36,27
BF-11170,Ben Ferrer,11,27,5907.97,1538.21,537.09,2.45,27
SC-20725,Steven Cartwright,11,26,5226.21,1276.65,475.11,2.36,27
MA-17560,Matt Abelman,11,34,4299.16,1240.23,390.83,3.09,27
MY-18295,Muhammed Yedwab,11,21,4152.7,-371.71,377.52,1.91,27
MM-17920,Michael Moore,11,16,3794.08,82.12,344.92,1.45,27
SZ-20035,Sam Zeldin,11,20,3625.33,366.43,329.58,1.82,27
CS-12355,Christine Sundaresam,11,22,3202.16,831.94,291.11,2.0,27
CS-11950,Carlos Soltero,11,22,3036.55,-126.42,276.05,2.0,27
XP-21865,Xylona Preis,11,28,2374.66,621.23,215.88,2.55,27
CK-12595,Clytie Kelty,11,25,2372.75,497.71,215.7,2.27,27
GB-14530,George Bell,11,20,1568.44,7.84,142.59,1.82,27
GA-14725,Guy Armstrong,11,22,1398.38,136.71,127.13,2.0,27
JF-15490,Jeremy Farry,11,15,1082.92,-18.07,98.45,1.36,27
AB-10105,Adrian Barton,10,20,14473.57,5444.81,1447.36,2.0,50
SV-20365,Seth Vernon,10,32,11470.95,1199.42,1147.09,3.2,50
ME-17320,Maria Etezadi,10,22,10663.73,1859.47,1066.37,2.2,50
JE-15715,Joe Elijah,10,22,8697.84,1262.29,869.78,2.2,50
HM-14860,Harry Marie,10,20,8236.76,2437.98,823.68,2.0,50
MS-17365,Maribeth Schnelling,10,24,7443.69,844.94,744.37,2.4,50
PP-18955,Paul Prost,10,34,7252.61,1495.09,725.26,3.4,50
VW-21775,Victoria Wilson,10,18,6134.04,-874.66,613.4,1.8,50
CB-12025,Cassandra Brandow,10,26,6076.14,150.21,607.61,2.6,50
JK-15730,Joe Kamberova,10,20,4867.2,55.05,486.72,2.0,50
SA-20830,Sue Ann Reed,10,21,4767.34,610.15,476.73,2.1,50
KT-16480,Kean Thornton,10,13,4642.09,194.07,464.21,1.3,50
AG-10900,Arthur Gainer,10,21,4510.8,343.68,451.08,2.1,50
AI-10855,Arianne Irving,10,18,4375.79,867.73,437.58,1.8,50
SP-20860,Sung Pak,10,24,4282.94,566.72,428.29,2.4,50
FH-14275,Frank Hawley,10,21,4256.27,1073.27,425.63,2.1,50
AT-10735,Annie Thurman,10,16,3831.86,974.11,383.19,1.6,50
PW-19030,Pauline Webber,10,13,3454.92,803.82,345.49,1.3,50
AP-10915,Arthur Prichep,10,31,3323.56,579.31,332.36,3.1,50
AH-10075,Adam Hart,10,20,3250.34,281.19,325.03,2.0,50
EB-13750,Edward Becker,10,20,3236.31,-80.29,323.63,2.0,50
EH-14125,Eugene Hildebrand,10,18,3082.65,96.27,308.27,1.8,50
JK-16120,Julie Kriz,10,17,2932.48,122.66,293.25,1.7,50
RD-19585,Rob Dowd,10,19,2912.89,734.52,291.29,1.9,50
CC-12430,Chuck Clark,10,19,2870.05,424.66,287.0,1.9,50
JM-16195,Justin MacKendrick,10,19,2833.93,754.11,283.39,1.9,50
EB-13870,Emily Burns,10,11,2767.22,261.53,276.72,1.1,50
FO-14305,Frank Olsen,10,15,2678.44,215.6,267.84,1.5,50
SC-20695,Steve Chapman,10,14,2576.41,611.83,257.64,1.4,50
FM-14215,Filia McAdams,10,15,2456.64,249.68,245.66,1.5,50
DB-13210,Dean Braden,10,21,2332.58,169.97,233.26,2.1,50
MC-18100,Mick Crebagga,10,19,2218.98,-64.17,221.9,1.9,50
SH-20395,Shahid Hopkins,10,15,2180.72,-144.52,218.07,1.5,50
NM-18520,Neoma Murray,10,15,2161.98,788.95,216.2,1.5,50
JB-15400,Jennifer Braxton,10,16,1791.6,156.05,179.16,1.6,50
MB-17305,Maria Bertelson,10,19,1548.7,212.42,154.87,1.9,50
RD-19720,Roger Demir,10,20,1419.74,207.33,141.97,2.0,50
BM-11785,Bryan Mills,10,14,1338.84,137.74,133.88,1.4,50
GM-14500,Gene McClure,10,13,1255.68,441.32,125.57,1.3,50
SC-20095,Sanjit Chand,9,22,14142.33,5757.41,1571.37,2.44,89
BB-11545,Brenda Bowman,9,20,6765.73,1015.08,751.75,2.22,89
DR-12880,Dan Reichenbach,9,24,6528.03,1641.86,725.34,2.67,89
GK-14620,Grace Kelly,9,14,6497.27,1448.55,721.92,1.56,89
SD-20485,Shirley Daniels,9,21,6121.11,1985.17,680.12,2.33,89
QJ-19255,Quincy Jones,9,13,6108.34,1203.68,678.7,1.44,89
SC-20380,Shahid Collister,9,20,5992.54,236.66,665.84,2.22,89
MH-18115,Mick Hernandez,9,22,5503.09,170.97,611.45,2.44,89
DP-13390,Dennis Pardue,9,14,5480.72,1571.83,608.97,1.56,89
SP-20620,Stefania Perrino,9,24,5440.32,-270.43,604.48,2.67,89
MP-18175,Mike Pelletier,9,19,5087.92,226.45,565.32,2.11,89
PO-19180,Philisse Overcash,9,18,4893.04,1155.43,543.67,2.0,89
AH-10210,Alan Hwang,9,13,4805.34,1308.55,533.93,1.44,89
DK-13225,Dean Katz,9,19,4802.39,209.9,533.6,2.11,89
RA-19915,Russell Applegate,9,22,4793.54,304.87,532.62,2.44,89
JK-15640,Jim Kriz,9,12,4760.43,1172.53,528.94,1.33,89
TB-21520,Tracy Blumstein,9,20,4737.49,-1603.05,526.39,2.22,89
ES-14080,Erin Smith,9,20,4657.92,246.67,517.55,2.22,89
SC-20050,Sample Company A,9,15,4624.57,1011.74,513.84,1.67,89
TP-21130,Theone Pippenger,9,16,4454.06,1129.13,494.9,1.78,89
GZ-14470,Gary Zandusky,9,14,4355.15,1087.75,483.91,1.56,89
ND-18370,Natalie DeCherney,9,18,4326.14,353.65,480.68,2.0,89
SV-20785,Stewart Visinsky,9,25,4105.3,485.03,456.15,2.78,89
MP-17965,Michael Paige,9,20,3983.64,638.16,442.63,2.22,89
KH-16630,Ken Heidel,9,17,3918.97,727.38,435.44,1.89,89
FM-14290,Frank Merwin,9,20,3736.2,198.11,415.13,2.22,89
BP-11185,Ben Peterman,9,18,3675.86,363.6,408.43,2.0,89
CS-12400,Christopher Schild,9,14,3651.86,-342.8,405.76,1.56,89
EB-13705,Ed Braxton,9,12,3644.98,13.62,405.0,1.33,89
SF-20200,Sarah Foster,9,15,3422.79,286.9,380.31,1.67,89
SF-20965,Sylvia Foulston,9,17,3336.54,539.94,370.73,1.89,89
DC-12850,Dan Campbell,9,18,3336.17,-1441.63,370.69,2.0,89
RW-19630,Rob Williams,9,16,3279.75,698.83,364.42,1.78,89
AS-10090,Adam Shillingsburg,9,25,3255.31,64.54,361.7,2.78,89
JO-15145,Jack O'Briant,9,13,3254.95,581.4,361.66,1.44,89
MS-17770,Maxwell Schwartz,9,19,3144.68,280.86,349.41,2.11,89
RD-19900,Ruben Dartt,9,21,3133.92,455.53,348.21,2.33,89
LS-16975,Lindsay Shagiari,9,22,2988.67,262.64,332.07,2.44,89
BC-11125,Becky Castell,9,18,2933.68,251.6,325.96,2.0,89
DS-13180,David Smith,9,20,2881.81,163.7,320.2,2.22,89
GH-14410,Gary Hansen,9,17,2819.47,-576.83,313.27,1.89,89
TB-21625,Trudy Brown,9,15,2797.67,379.88,310.85,1.67,89
JC-15775,John Castell,9,16,2772.06,279.57,308.01,1.78,89
ML-17395,Marina Lichtenstein,9,20,2722.84,684.92,302.54,2.22,89
CA-12265,Christina Anderson,9,17,2648.29,279.62,294.25,1.89,89
LC-17140,Logan Currie,9,19,2633.58,231.13,292.62,2.11,89
RA-19285,Ralph Arnett,9,17,2617.91,546.09,290.88,1.89,89
KN-16390,Katherine Nockton,9,17,2617.27,-151.15,290.81,1.89,89
FM-14380,Fred McMath,9,14,2523.27,191.49,280.36,1.56,89
NZ-18565,Nick Zandusky,9,20,2488.31,402.42,276.48,2.22,89
CV-12805,Cynthia Voltz,9,19,2370.31,99.0,263.37,2.11,89
LH-16900,Lena Hernandez,9,15,2295.33,526.07,255.04,1.67,89
GG-14650,Greg Guthrie,9,24,2224.0,12.7,247.11,2.67,89
PG-18895,Paul Gonzalez,9,17,1987.16,334.52,220.8,1.89,89
NB-18655,Nona Balk,9,17,1972.6,117.64,219.18,1.89,89
SP-20650,Stephanie Phelps,9,15,1872.44,268.48,208.05,1.67,89
LH-17155,Logan Haushalter,9,19,1739.69,316.52,193.3,2.11,89
JP-16135,Julie Prescott,9,13,1707.71,309.71,189.75,1.44,89
CC-12475,Cindy Chapman,9,13,1659.44,154.85,184.38,1.44,89
CK-12760,Cyma Kinney,9,14,1582.11,-338.43,175.79,1.56,89
KB-16315,Karl Braun,9,22,1569.46,49.72,174.38,2.44,89
ON-18715,Odella Nelson,9,15,1567.52,-5.89,174.17,1.67,89
MV-17485,Mark Van Huff,9,15,1560.05,189.03,173.34,1.67,89
TD-20995,Tamara Dahlen,9,16,1434.55,88.19,159.39,1.78,89
DO-13435,Denny Ordway,9,13,1300.03,-38.91,144.45,1.44,89
TC-21475,Tony Chapman,9,11,1244.98,119.1,138.33,1.22,89
AA-10375,Allen Armold,9,15,1056.39,277.38,117.38,1.67,89
DP-13000,Darren Powers,9,17,1050.64,241.45,116.74,1.89,89
AB-10255,Alejandro Ballentine,9,14,914.53,264.57,101.61,1.56,89
MG-17890,Michael Granlund,9,13,776.38,171.74,86.26,1.44,89
MM-18280,Muhammed MacIntyre,9,12,775.41,58.89,86.16,1.33,89
CJ-12010,Caroline Jumper,8,20,11164.97,858.74,1395.62,2.5,160
HW-14935,Helen Wasserman,8,20,9300.25,2164.16,1162.53,2.5,160
JD-16150,Justin Deggeller,8,17,8828.03,1619.52,1103.5,2.12,160
DR-12940,Daniel Raglin,8,13,8350.87,2869.08,1043.86,1.62,160
AB-10060,Adam Bellavance,8,18,7755.62,2054.59,969.45,2.25,160
FH-14365,Fred Hopkins,8,13,6987.2,2050.28,873.4,1.62,160
YS-21880,Yana Sorensen,8,12,6720.44,1778.29,840.06,1.5,160
JA-15970,Joseph Airdo,8,24,6491.03,-819.42,811.38,3.0,160
BH-11710,Brosina Hoffman,8,24,6255.35,802.79,781.92,3.0,160
RL-19615,Rob Lucas,8,24,6234.91,488.15,779.36,3.0,160
AD-10180,Alan Dominguez,8,12,6106.88,1869.93,763.36,1.5,160
CP-12340,Christine Phan,8,15,5888.28,-1850.3,736.03,1.88,160
AM-10705,Anne McFarland,8,22,5664.02,1085.73,708.0,2.75,160
RB-19795,Ross Baird,8,18,5633.32,-461.73,704.16,2.25,160
KM-16375,Katherine Murray,8,20,5620.19,973.79,702.52,2.5,160
CP-12085,Cathy Prescott,8,14,5402.25,427.03,675.28,1.75,160
KL-16555,Kelly Lampkin,8,22,5016.49,-182.78,627.06,2.75,160
KM-16720,Kunst Miller,8,28,4909.47,745.77,613.68,3.5,160
HK-14890,Heather Kirkland,8,15,4877.78,956.95,609.72,1.88,160
BW-11110,Bart Watters,8,17,4750.36,921.26,593.79,2.12,160
LB-16795,Laurel Beltran,8,23,4704.3,-40.13,588.04,2.88,160
DB-13270,Deborah Brumfield,8,13,4655.9,841.83,581.99,1.62,160
AR-10825,Anthony Rawles,8,13,4523.34,494.84,565.42,1.62,160
LC-16930,Linda Cazamias,8,14,4492.95,288.27,561.62,1.75,160
SR-20740,Steven Roelle,8,12,4345.89,1990.42,543.24,1.5,160
RD-19480,Rick Duston,8,15,4272.93,480.59,534.12,1.88,160
TC-21295,Toby Carlisle,8,16,4266.81,606.37,533.35,2.0,160
CB-12535,Claudia Bergmann,8,19,4246.46,1049.56,530.81,2.38,160
JF-15565,Jill Fjeld,8,16,4198.33,1073.21,524.79,2.0,160
RS-19765,Roland Schwarz,8,14,4159.77,1206.39,519.97,1.75,160
DM-13345,Denise Monton,8,13,4074.47,1319.06,509.31,1.62,160
FP-14320,Frank Preis,8,14,4046.75,406.45,505.84,1.75,160
GA-14515,George Ashbrook,8,14,3919.78,840.9,489.97,1.75,160
SC-20260,Scott Cohen,8,18,3729.79,671.0,466.22,2.25,160
DL-13495,Dionis Lloyd,8,12,3539.32,-52.79,442.42,1.5,160
ED-13885,Emily Ducich,8,14,3484.92,670.44,435.62,1.75,160
DK-13375,Dennis Kane,8,23,3318.49,377.08,414.81,2.88,160
KH-16330,Katharine Harms,8,18,3312.86,454.79,414.11,2.25,160
RF-19345,Randy Ferguson,8,16,3309.15,633.71,413.64,2.0,160
CT-11995,Carol Triggs,8,18,3241.9,161.23,405.24,2.25,160
TM-21010,Tamara Manning,8,19,2955.23,573.3,369.4,2.38,160
LT-17110,Liz Thompson,8,14,2936.25,320.97,367.03,1.75,160
CY-12745,Craig Yedwab,8,11,2900.03,60.65,362.5,1.38,160
BF-11020,Barry Französisch,8,21,2888.51,302.02,361.06,2.62,160
BG-11035,Barry Gonzalez,8,12,2798.95,-711.43,349.87,1.5,160
MM-18055,Michelle Moray,8,19,2749.88,-520.34,343.74,2.38,160
MC-17275,Marc Crier,8,13,2725.98,461.0,340.75,1.62,160
JK-15370,Jay Kimmel,8,17,2709.63,330.28,338.7,2.12,160
RB-19435,Richard Bierner,8,16,2663.09,477.24,332.89,2.0,160
HA-14920,Helen Andreada,8,18,2584.16,99.14,323.02,2.25,160
LC-16870,Lena Cacioppo,8,30,2580.7,-188.25,322.59,3.75,160
DJ-13510,Don Jones,8,13,2501.69,345.25,312.71,1.62,160
MH-17455,Mark Hamilton,8,11,2456.18,484.77,307.02,1.38,160
AG-10495,Andrew Gjertsen,8,21,2356.86,295.67,294.61,2.62,160
EM-13825,Elizabeth Moffitt,8,16,2339.6,682.55,292.45,2.0,160
MK-17905,Michael Kennedy,8,17,2302.37,-405.36,287.8,2.12,160
KN-16705,Kristina Nunn,8,15,2280.58,329.76,285.07,1.88,160
MC-17605,Matt Connell,8,18,2258.19,195.45,282.27,2.25,160
DP-13105,Dave Poirier,8,14,2215.0,563.18,276.88,1.75,160
DB-12910,Daniel Byrd,8,12,2171.6,431.37,271.45,1.5,160
RP-19855,Roy Phan,8,15,2170.72,594.59,271.34,1.88,160
CB-12415,Christy Brittain,8,12,1949.2,272.39,243.65,1.5,160
ME-17725,Max Engle,8,13,1908.45,77.81,238.56,1.62,160
SV-20935,Susan Vittorini,8,13,1903.49,106.89,237.94,1.62,160
SG-20470,Sheri Gordon,8,14,1884.8,-119.01,235.6,1.75,160
MO-17800,Meg O'Connel,8,11,1687.03,169.34,210.88,1.38,160
KE-16420,Katrina Edelman,8,15,1686.73,397.88,210.84,1.88,160
AP-10720,Anne Pryor,8,19,1638.55,285.79,204.82,2.38,160
DL-12865,Dan Lawera,8,14,1503.11,322.24,187.89,1.75,160
PN-18775,Parhena Norris,8,13,1467.15,192.04,183.39,1.62,160
DL-13315,Delfina Latchford,8,17,1458.26,288.87,182.28,2.12,160
PB-19150,Philip Brown,8,11,1456.95,280.66,182.12,1.38,160
TT-21220,Thomas Thornton,8,15,1427.04,278.74,178.38,1.88,160
SS-20140,Saphhira Shifley,8,21,1324.03,332.35,165.5,2.62,160
MC-17575,Matt Collins,8,11,1303.89,210.75,162.99,1.38,160
PS-18970,Paul Stevenson,8,13,1278.64,198.51,159.83,1.62,160
PJ-18835,Patrick Jones,8,13,1220.09,442.14,152.51,1.62,160
RD-19810,Ross DeVincentis,8,16,1137.62,318.46,142.2,2.0,160
AB-10165,Alan Barnes,8,14,1113.84,220.81,139.23,1.75,160
TH-21235,Tiffany House,8,13,1022.2,92.73,127.78,1.62,160
RF-19840,Roy Französisch,8,11,945.22,280.03,118.15,1.38,160
EH-13945,Eric Hoffmann,8,17,684.17,53.54,85.52,2.12,160
KF-16285,Karen Ferguson,7,18,10604.27,1660.14,1514.9,2.57,242
TB-21400,Tom Boeckenhauer,7,17,9133.99,2798.37,1304.86,2.43,242
NF-18385,Natalie Fritzler,7,14,8322.83,-1695.97,1188.98,2.0,242
NC-18535,Nick Crebassa,7,15,8241.74,1314.76,1177.39,2.14,242
SB-20290,Sean Braxton,7,17,8057.89,-2082.75,1151.13,2.43,242
NP-18700,Nora Preis,7,13,7903.18,631.23,1129.03,1.86,242
JE-15610,Jim Epp,7,20,7754.98,1623.4,1107.85,2.86,242
JM-15865,John Murray,7,13,7625.08,1574.62,1089.3,1.86,242
RW-19540,Rick Wilson,7,23,7397.4,1586.63,1056.77,3.29,242
NW-18400,Natalie Webber,7,22,7234.01,1023.12,1033.43,3.14,242
PS-19045,Penelope Sewall,7,13,6843.63,1742.73,977.66,1.86,242
NM-18445,Nathan Mautz,7,14,6459.34,2751.68,922.76,2.0,242
DM-13015,Darrin Martin,7,20,6345.1,1677.39,906.44,2.86,242
MJ-17740,Max Jones,7,15,6320.75,1054.55,902.96,2.14,242
KH-16690,Kristen Hastings,7,15,5990.8,1227.51,855.83,2.14,242
KH-16510,Keith Herrera,7,23,5952.86,656.12,850.41,3.29,242
AC-10450,Amy Cox,7,9,5527.85,1366.01,789.69,1.29,242
LW-17215,Luke Weiss,7,15,5420.51,837.24,774.36,2.14,242
TS-21205,Thomas Seio,7,19,5371.09,862.89,767.3,2.71,242
TT-21460,Tonja Turnell,7,14,5364.81,1124.5,766.4,2.0,242
MW-18220,Mitch Webber,7,14,5341.9,1238.42,763.13,2.0,242
TW-21025,Tamara Willingham,7,12,5278.83,737.39,754.12,1.71,242
HR-14830,Harold Ryan,7,14,5248.79,1196.95,749.83,2.0,242
IL-15100,Ivan Liston,7,14,5040.74,1121.94,720.11,2.0,242
IM-15070,Irene Maddox,7,21,4930.47,514.65,704.35,3.0,242
TT-21070,Ted Trevino,7,14,4915.6,751.96,702.23,2.0,242
AJ-10780,Anthony Jacobs,7,15,4867.34,150.71,695.33,2.14,242
DB-13060,Dave Brooks,7,13,4531.65,473.03,647.38,1.86,242
AJ-10795,Anthony Johnson,7,21,4501.39,1158.71,643.06,3.0,242
SC-20770,Stewart Carmichael,7,21,4492.66,-671.19,641.81,3.0,242
TH-21550,Tracy Hopkins,7,13,4234.1,-571.97,604.87,1.86,242
SC-20305,Sean Christensen,7,12,3979.06,229.16,568.44,1.71,242
LF-17185,Luke Foster,7,16,3930.51,-3583.98,561.5,2.29,242
PW-19240,Pierre Wener,7,12,3922.42,1290.35,560.34,1.71,242
DB-13555,Dorothy Badders,7,14,3908.8,109.33,558.4,2.0,242
FC-14335,Fred Chung,7,10,3889.37,714.29,555.62,1.43,242
RA-19885,Ruben Ausman,7,15,3832.31,1292.87,547.47,2.14,242
RO-19780,Rose O'Brian,7,12,3815.48,-1262.57,545.07,1.71,242
MC-17845,Michael Chen,7,14,3805.71,698.42,543.67,2.0,242
MG-17650,Matthew Grinstein,7,14,3785.28,341.9,540.75,2.0,242
MD-17350,Maribeth Dona,7,17,3766.38,-241.95,538.05,2.43,242
JK-15625,Jim Karlsson,7,12,3760.03,750.95,537.15,1.71,242
HG-15025,Hunter Glantz,7,11,3690.28,804.61,527.18,1.57,242
LP-17095,Liz Preis,7,15,3653.4,338.45,521.91,2.14,242
JP-15520,Jeremy Pistek,7,16,3635.59,757.18,519.37,2.29,242
GM-14440,Gary McGarr,7,11,3582.82,347.27,511.83,1.57,242
AG-10675,Anna Gayman,7,15,3489.04,-246.43,498.43,2.14,242
FC-14245,Frank Carlisle,7,14,3418.74,1217.17,488.39,2.0,242
VP-21760,Victoria Pisteka,7,14,3360.53,-1018.78,480.08,2.0,242
BD-11605,Brian Dahlen,7,20,3288.47,634.85,469.78,2.86,242
MP-17470,Mark Packer,7,14,3206.13,600.29,458.02,2.0,242
BT-11680,Brian Thompson,7,20,3196.75,447.75,456.68,2.86,242
KB-16240,Karen Bern,7,10,3152.62,763.91,450.37,1.43,242
TN-21040,Tanja Norvell,7,12,3130.22,-692.05,447.17,1.71,242
SN-20710,Steve Nguyen,7,19,3127.96,481.75,446.85,2.71,242
KT-16465,Kean Takahito,7,14,3057.1,254.0,436.73,2.0,242
SL-20155,Sara Luxemburg,7,9,3053.01,527.97,436.14,1.29,242
AS-10045,Aaron Smayling,7,10,3050.69,-253.57,435.81,1.43,242
CA-12775,Cynthia Arntzen,7,17,3041.57,204.49,434.51,2.43,242
FA-14230,Frank Atkinson,7,17,2984.05,520.52,426.29,2.43,242
DB-13120,David Bremer,7,14,2973.09,-1421.77,424.73,2.0,242
SW-20455,Shaun Weien,7,9,2921.54,793.65,417.36,1.29,242
AW-10930,Arthur Wiediger,7,16,2852.97,-104.55,407.57,2.29,242
TS-21610,Troy Staebel,7,11,2820.42,-294.7,402.92,1.57,242
NH-18610,Nicole Hansen,7,11,2673.29,760.17,381.9,1.57,242
DK-13090,Dave Kipp,7,13,2650.56,536.39,378.65,1.86,242
SU-20665,Stephanie Ulpright,7,18,2595.36,763.47,370.77,2.57,242
BS-11755,Bruce Stewart,7,14,2562.38,-113.3,366.05,2.0,242
CC-12610,Corey Catlett,7,12,2540.63,331.43,362.95,1.71,242
HF-14995,Herbert Flentye,7,19,2533.16,-13.88,361.88,2.71,242
PO-18865,Patrick O'Donnell,7,13,2493.21,437.85,356.17,1.86,242
BP-11290,Beth Paige,7,16,2475.16,-319.06,353.59,2.29,242
CC-12145,Charles Crestani,7,11,2471.65,392.28,353.09,1.57,242
VM-21685,Valerie Mitchum,7,12,2454.87,513.53,350.7,1.71,242
RF-19735,Roland Fjeld,7,14,2341.3,711.62,334.47,2.0,242
JF-15190,Jamie Frazer,7,19,2279.59,575.13,325.66,2.71,242
CC-12670,Craig Carreira,7,14,2269.7,187.84,324.24,2.0,242
MY-17380,Maribeth Yedwab,7,13,2254.28,319.12,322.04,1.86,242
MH-17785,Maya Herman,7,11,2203.78,238.56,314.83,1.57,242
GW-14605,Giulietta Weimer,7,9,2189.02,-268.54,312.72,1.29,242
HA-14905,Helen Abelman,7,10,2163.3,270.86,309.04,1.43,242
DN-13690,Duane Noonan,7,11,2139.79,540.54,305.68,1.57,242
ML-17755,Max Ludwig,7,13,2071.91,409.51,295.99,1.86,242
AF-10870,Art Ferguson,7,16,2052.91,317.97,293.27,2.29,242
NF-18595,Nicole Fjeld,7,12,2031.47,388.21,290.21,1.71,242
HP-14815,Harold Pawlan,7,10,1990.31,373.86,284.33,1.43,242
DB-13615,Doug Bickford,7,11,1989.05,438.8,284.15,1.57,242
SC-20440,Shaun Chance,7,10,1875.0,379.56,267.86,1.43,242
AJ-10945,Ashley Jarboe,7,10,1839.24,521.14,262.75,1.43,242
PJ-19015,Pauline Johnson,7,10,1824.23,683.0,260.6,1.43,242
AH-10030,Aaron Hawkins,7,11,1744.7,365.22,249.24,1.57,242
AH-10120,Adrian Hane,7,16,1735.51,-2.31,247.93,2.29,242
MV-18190,Mike Vittorini,7,11,1734.57,273.86,247.8,1.57,242
JM-15535,Jessica Myrick,7,10,1733.44,356.54,247.63,1.43,242
JP-15460,Jennifer Patt,7,15,1669.14,429.75,238.45,2.14,242
TB-21250,Tim Brockman,7,19,1602.38,260.62,228.91,2.71,242
KA-16525,Kelly Andreada,7,11,1519.51,234.92,217.07,1.57,242
MB-18085,Mick Brown,7,10,1428.23,117.81,204.03,1.43,242
FG-14260,Frank Gastineau,7,11,1383.14,394.74,197.59,1.57,242
DM-12955,Dario Medina,7,9,1322.03,108.76,188.86,1.29,242
DO-13645,Doug O'Connell,7,11,1267.32,294.07,181.05,1.57,242
JW-15955,Joni Wasserman,7,11,1244.09,-29.58,177.73,1.57,242
EH-14005,Erica Hernandez,7,11,1219.53,-94.14,174.22,1.57,242
DW-13585,Dorothy Wardle,7,10,1204.85,-266.9,172.12,1.43,242
DB-13660,Duane Benoit,7,10,1155.2,177.67,165.03,1.43,242
SW-20245,Scot Wooten,7,10,1085.08,-19.61,155.01,1.43,242
KB-16600,Ken Brennan,7,9,983.92,293.55,140.56,1.29,242
JH-15910,Jonathan Howell,7,9,959.48,-13.55,137.07,1.29,242
AS-10630,Ann Steele,7,12,833.4,136.49,119.06,1.71,242
SF-20065,Sandra Flanagan,7,9,763.55,228.16,109.08,1.29,242
TC-21535,Tracy Collins,7,10,742.56,217.93,106.08,1.43,242
JB-16000,Joy Bell-,7,7,644.12,126.76,92.02,1.0,242
BF-10975,Barbara Fisher,7,13,599.8,227.44,85.69,1.86,242
AS-10240,Alan Shonely,7,13,584.61,33.72,83.52,1.86,242
NK-18490,Neil Knudson,7,11,572.05,121.22,81.72,1.57,242
ST-20530,Shui Tom,7,12,433.34,84.44,61.91,1.71,242
RB-19360,Raymond Buch,6,18,15117.34,6976.1,2519.56,3.0,358
HL-15040,Hunter Lopez,6,11,12873.3,5622.43,2145.55,1.83,358
TS-21370,Todd Sumrall,6,15,11891.75,2371.71,1981.96,2.5,358
JH-15985,Joseph Holt,6,14,7955.0,-644.7,1325.83,2.33,358
JW-15220,Jane Waco,6,14,7721.71,2173.71,1286.95,2.33,358
RH-19510,Rick Huthwaite,6,12,6979.18,1289.45,1163.2,2.0,358
AR-10540,Andy Reiter,6,9,6608.45,2884.62,1101.41,1.5,358
VD-21670,Valerie Dominguez,6,16,6442.25,1617.79,1073.71,2.67,358
SB-20185,Sarah Brown,6,12,6411.0,885.46,1068.5,2.0,358
CM-12655,Corinna Mitchell,6,10,6339.56,1572.46,1056.59,1.67,358
CS-12505,Cindy Stewart,6,9,5690.05,-6626.39,948.34,1.5,358
NP-18325,Naresj Patel,6,21,5529.62,1208.89,921.6,3.5,358
LR-16915,Lena Radford,6,16,5142.89,535.48,857.15,2.67,358
AA-10645,Anna Andreadi,6,18,5086.93,857.8,847.82,3.0,358
DH-13075,Dave Hallsten,6,23,4932.87,1193.74,822.15,3.83,358
EM-14140,Eugene Moren,6,21,4588.44,1319.37,764.74,3.5,358
BD-11500,Bradley Drucker,6,10,4411.24,1142.12,735.21,1.67,358
SP-20920,Susan Pistek,6,14,3990.69,14.69,665.11,2.33,358
CA-11965,Carol Adams,6,10,3789.72,1143.38,631.62,1.67,358
DV-13465,Dianna Vittorini,6,15,3341.59,353.21,556.93,2.5,358
RR-19525,Rick Reed,6,10,3302.26,721.68,550.38,1.67,358
DL-12925,Daniel Lacy,6,14,3272.2,4.21,545.37,2.33,358
LW-16990,Lindsay Williams,6,11,3230.31,662.83,538.38,1.83,358
AS-10285,Alejandro Savely,6,8,3214.24,354.63,535.71,1.33,358
JL-15505,Jeremy Lonsdale,6,17,3173.87,591.72,528.98,2.83,358
GM-14680,Greg Matthias,6,11,3163.63,35.49,527.27,1.83,358
JM-15250,Janet Martin,6,19,3159.12,19.82,526.52,3.17,358
SG-20605,Speros Goranitis,6,13,3124.83,463.27,520.81,2.17,358
KH-16360,Katherine Hughes,6,14,3100.61,528.21,516.77,2.33,358
GM-14455,Gary Mitchum,6,12,3078.62,793.28,513.1,2.0,358
EB-14110,Eugene Barchas,6,11,3071.13,184.77,511.85,1.83,358
SS-20410,Shahid Shariari,6,12,3056.81,-1010.97,509.47,2.0,358
ML-17410,Maris LaWare,6,15,2921.5,-76.18,486.92,2.5,358
ND-18460,Neil Ducich,6,8,2893.46,443.34,482.24,1.33,358
MT-17815,Meg Tillman,6,10,2890.14,509.01,481.69,1.67,358
LS-16945,Linda Southworth,6,14,2845.27,-318.77,474.21,2.33,358
PF-19165,Philip Fox,6,10,2770.0,196.87,461.67,1.67,358
LL-16840,Lauren Leatherbury,6,12,2741.2,560.01,456.87,2.0,358
JL-15850,John Lucas,6,11,2725.26,779.9,454.21,1.83,358
SO-20335,Sean O'Donnell,6,15,2602.58,-81.09,433.76,2.5,358
MZ-17515,Mary Zewe,6,10,2564.91,787.75,427.48,1.67,358
CM-12160,Charles McCrossin,6,7,2533.31,-394.37,422.22,1.17,358
JS-16030,Joy Smith,6,18,2516.49,-311.26,419.42,3.0,358
MN-17935,Michael Nguyen,6,10,2477.95,290.82,412.99,1.67,358
BS-11590,Brendan Sweed,6,10,2454.93,381.78,409.15,1.67,358
MA-17995,Michelle Arnett,6,12,2453.28,280.78,408.88,2.0,358
MC-17590,Matt Collister,6,17,2426.07,288.98,404.34,2.83,358
MH-17290,Marc Harrigan,6,13,2394.02,28.76,399.0,2.17,358
JF-15415,Jennifer Ferguson,6,14,2371.45,635.64,395.24,2.33,358
KM-16225,Kalyca Meade,6,19,2260.96,635.11,376.83,3.17,358
TS-21505,Tony Sayre,6,14,2243.27,11.38,373.88,2.33,358
JG-15310,Jason Gross,6,11,2240.58,3.8,373.43,1.83,358
NC-18415,Nathan Cano,6,14,2218.99,-2204.81,369.83,2.33,358
TB-21280,Toby Braunhardt,6,11,2198.45,490.96,366.41,1.83,358
BT-11395,Bill Tyler,6,10,2186.61,257.92,364.44,1.67,358
PS-18760,Pamela Stobb,6,21,2181.48,-134.44,363.58,3.5,358
TS-21160,Theresa Swint,6,17,2163.62,260.87,360.6,2.83,358
KC-16255,Karen Carlisle,6,10,2120.95,846.12,353.49,1.67,358
VB-21745,Victoria Brennan,6,10,2005.6,371.24,334.27,1.67,358
SW-20275,Scott Williamson,6,7,1966.65,332.87,327.78,1.17,358
JO-15280,Jas O'Carroll,6,11,1934.27,202.14,322.38,1.83,358
JF-15355,Jay Fein,6,16,1911.84,330.2,318.64,2.67,358
KD-16345,Katherine Ducich,6,10,1888.96,328.59,314.83,1.67,358
BG-11695,Brooke Gillingham,6,8,1874.17,107.57,312.36,1.33,358
SN-20560,Skye Norling,6,15,1860.42,-716.86,310.07,2.5,358
CC-12100,Chad Cunningham,6,13,1770.94,208.59,295.16,2.17,358
BW-11200,Ben Wallace,6,10,1738.41,247.0,289.73,1.67,358
BE-11455,Brad Eason,6,13,1727.65,139.2,287.94,2.17,358
BP-11155,Becky Pak,6,11,1697.86,647.38,282.98,1.83,358
CM-11815,Candace McMahon,6,10,1673.89,214.46,278.98,1.67,358
AZ-10750,Annie Zypern,6,12,1622.02,154.95,270.34,2.0,358
MS-17710,Maurice Satty,6,15,1613.4,247.43,268.9,2.5,358
BD-11620,Brian DeCherney,6,8,1538.11,206.76,256.35,1.33,358
BD-11725,Bruce Degenhardt,6,10,1526.5,333.98,254.42,1.67,358
JG-15805,John Grady,6,9,1507.02,206.1,251.17,1.5,358
CM-12190,Charlotte Melton,6,7,1475.14,91.2,245.86,1.17,358
LE-16810,Laurel Elliston,6,9,1469.45,161.76,244.91,1.5,358
RM-19375,Raymond Messe,6,9,1453.47,392.15,242.25,1.5,358
JE-15475,Jeremy Ellison,6,13,1388.68,276.22,231.45,2.17,358
SJ-20215,Sarah Jordon,6,10,1341.04,-23.51,223.51,1.67,358
SP-20545,Sibella Parks,6,10,1306.09,-118.78,217.68,1.67,358
SC-20680,Steve Carroll,6,8,1254.64,370.16,209.11,1.33,358
NP-18685,Nora Pelletier,6,7,1228.7,514.5,204.78,1.17,358
JL-15130,Jack Lebron,6,12,1214.96,-207.8,202.49,2.0,358
EB-14170,Evan Bailliet,6,7,1186.33,282.17,197.72,1.17,358
AT-10435,Alyssa Tate,6,9,1171.81,100.88,195.3,1.5,358
CW-11905,Carl Weiss,6,11,1136.59,370.83,189.43,1.83,358
DW-13195,David Wiener,6,9,1080.75,-86.87,180.13,1.5,358
LS-17200,Luke Schmidt,6,14,1010.26,244.2,168.38,2.33,358
LS-17245,Lynn Smith,6,12,1008.14,348.36,168.02,2.0,358
BG-11740,Bruce Geld,6,7,1006.36,119.35,167.73,1.17,358
RC-19825,Roy Collins,6,10,966.41,63.99,161.07,1.67,358
EH-14185,Evan Henry,6,8,923.88,242.11,153.98,1.33,358
CG-12040,Catherine Glotzbach,6,9,904.47,86.51,150.74,1.5,358
RC-19960,Ryan Crowe,6,11,885.75,10.56,147.63,1.83,358
MS-17980,Michael Stewart,6,11,855.12,55.23,142.52,1.83,358
VG-21790,Vivek Gonzalez,6,8,846.01,143.63,141.0,1.33,358
EH-13990,Erica Hackney,6,8,825.95,150.38,137.66,1.33,358
BM-11575,Brendan Murry,6,10,808.16,95.58,134.69,1.67,358
PA-19060,Pete Armstrong,6,7,729.41,225.86,121.57,1.17,358
BK-11260,Berenike Kampe,6,16,659.14,-63.76,109.86,2.67,358
BD-11770,Bryan Davis,6,10,658.47,141.26,109.74,1.67,358
CS-11860,Cari Schnelling,6,7,537.63,105.83,89.61,1.17,358
JH-15820,John Huston,6,8,528.91,26.08,88.15,1.33,358
SS-20590,Sonia Sunley,6,9,418.49,135.54,69.75,1.5,358
JD-16015,Joy Daniels,6,11,385.43,26.76,64.24,1.83,358
DD-13570,Dorothy Dickinson,6,9,269.54,36.43,44.92,1.5,358
SM-20320,Sean Miller,5,15,25043.05,-1980.74,5008.61,3.0,465
TC-20980,Tamara Chand,5,12,19052.22,8981.32,3810.44,2.4,465
CC-12370,Christopher Conant,5,11,12129.07,2177.05,2425.81,2.2,465
BS-11365,Bill Shonely,5,9,10501.65,2616.06,2100.33,1.8,465
KD-16270,Karen Daniels,5,16,8282.36,1107.7,1656.47,3.2,465
RM-19675,Robert Marley,5,11,5979.1,1902.54,1195.82,2.2,465
AA-10315,Alex Avila,5,11,5563.56,-362.88,1112.71,2.2,465
YC-21895,Yoseph Carroll,5,8,5454.35,1305.63,1090.87,1.6,465
TP-21415,Tom Prescott,5,10,5329.0,-1087.39,1065.8,2.0,465
DW-13480,Dianna Wilson,5,11,5271.63,1348.76,1054.33,2.2,465
GB-14575,Giulietta Baptist,5,16,4716.29,1135.84,943.26,3.2,465
MC-17425,Mark Cousins,5,10,4432.14,1802.39,886.43,2.0,465
JK-15205,Jamie Kunitz,5,13,4427.14,1219.98,885.43,2.6,465
KW-16435,Katrina Willman,5,10,4416.52,1756.14,883.3,2.0,465
EB-13840,Ellis Ballard,5,8,4358.13,656.2,871.63,1.6,465
DK-12895,Dana Kaydos,5,15,4282.18,937.65,856.44,3.0,465
AS-10225,Alan Schoenberger,5,13,4260.78,719.78,852.16,2.6,465
BE-11335,Bill Eplett,5,9,4204.68,1487.77,840.94,1.8,465
NP-18670,Nora Paige,5,10,3908.4,514.6,781.68,2.0,465
BS-11380,Bill Stewart,5,13,3887.83,-17.53,777.57,2.6,465
JS-15880,John Stevenson,5,9,3868.02,564.98,773.6,1.8,465
OT-18730,Olvera Toch,5,10,3818.62,-925.12,763.72,2.0,465
RH-19495,Rick Hansen,5,8,3621.38,563.79,724.28,1.6,465
ES-14020,Erica Smith,5,8,3510.46,1003.29,702.09,1.6,465
RW-19690,Robert Waldorf,5,15,3495.65,707.55,699.13,3.0,465
TS-21655,Trudy Schmidt,5,14,3368.09,220.92,673.62,2.8,465
SC-20020,Sam Craven,5,17,3362.96,-317.05,672.59,3.4,465
SR-20425,Sharelle Roach,5,9,3233.48,-3333.91,646.7,1.8,465
RS-19420,Ricardo Sperren,5,9,3221.29,633.45,644.26,1.8,465
DG-13300,Deirdre Greer,5,8,3195.82,562.78,639.16,1.6,465
TG-21310,Toby Gnade,5,9,3058.37,682.17,611.67,1.8,465
MH-18025,Michelle Huthwaite,5,10,2984.95,476.9,596.99,2.0,465
CK-12325,Christine Kargatis,5,12,2945.32,261.22,589.06,2.4,465
PV-18985,Paul Van Hugh,5,13,2876.05,434.53,575.21,2.6,465
DB-12970,Darren Budd,5,14,2839.23,213.0,567.85,2.8,465
CV-12295,Christina VanderZanden,5,13,2830.63,493.09,566.13,2.6,465
RD-19660,Robert Dilbeck,5,5,2786.63,835.77,557.33,1.0,465
BT-11530,Bradley Talbott,5,10,2684.49,409.5,536.9,2.0,465
BO-11350,Bill Overfelt,5,12,2682.73,278.78,536.55,2.4,465
EJ-14155,Eva Jacobs,5,8,2656.69,451.88,531.34,1.6,465
AG-10270,Alejandro Grove,5,14,2582.9,732.74,516.58,2.8,465
BT-11305,Beth Thompson,5,9,2567.66,417.59,513.53,1.8,465
EM-13810,Eleni McCrary,5,7,2567.01,-133.83,513.4,1.4,465
DE-13255,Deanra Eno,5,9,2550.87,464.47,510.17,1.8,465
AC-10615,Ann Chong,5,18,2537.69,298.83,507.54,3.6,465
JB-16045,Julia Barnett,5,9,2518.11,201.52,503.62,1.8,465
AH-10465,Amy Hunt,5,8,2495.39,-196.12,499.08,1.6,465
NC-18340,Nat Carroll,5,17,2461.4,580.31,492.28,3.4,465
TH-21100,Thea Hendricks,5,7,2422.82,-135.21,484.56,1.4,465
NR-18550,Nick Radford,5,13,2367.28,-25.15,473.46,2.6,465
CL-12700,Craig Leslie,5,8,2353.59,229.01,470.72,1.6,465
CM-12235,Chris McAfee,5,8,2305.71,365.04,461.14,1.6,465
BE-11410,Bobby Elias,5,5,2261.44,755.92,452.29,1.0,465
KD-16615,Ken Dana,5,13,2243.51,539.72,448.7,2.6,465
LW-16825,Laurel Workman,5,15,2238.06,32.58,447.61,3.0,465
AR-10405,Allen Rosenblatt,5,7,2236.13,-98.76,447.23,1.4,465
PF-19225,Phillip Flathmann,5,10,2206.13,591.31,441.23,2.0,465
JL-15235,Janet Lee,5,10,2203.7,54.52,440.74,2.0,465
JR-16210,Justin Ritter,5,10,2201.69,452.37,440.34,2.0,465
KN-16450,Kean Nguyen,5,8,2171.96,114.31,434.39,1.6,465
JD-15790,John Dryer,5,7,2152.35,-266.55,430.47,1.4,465
LC-17050,Liz Carlisle,5,9,2095.06,86.78,419.01,1.8,465
TS-21430,Tom Stivers,5,7,2054.14,48.7,410.83,1.4,465
CD-11920,Carlos Daly,5,9,2033.97,426.66,406.79,1.8,465
LR-17035,Lisa Ryan,5,12,1879.31,-382.81,375.86,2.4,465
NG-18355,Nat Gilpin,5,16,1869.58,313.63,373.92,3.2,465
CD-12790,Cynthia Delaney,5,15,1860.73,403.84,372.15,3.0,465
PR-18880,Patrick Ryan,5,12,1840.18,247.62,368.04,2.4,465
EG-13900,Emily Grady,5,9,1832.02,104.27,366.4,1.8,465
NC-18625,Noah Childs,5,9,1821.74,-359.02,364.35,1.8,465
JM-15265,Janet Molinari,5,13,1804.15,502.61,360.83,2.6,465
MF-18250,Monica Federle,5,12,1758.3,456.86,351.66,2.4,465
DK-12985,Darren Koutras,5,8,1687.04,-107.35,337.41,1.6,465
RA-19945,Ryan Akin,5,9,1686.92,-445.7,337.38,1.8,465
CA-12055,Cathy Armstrong,5,10,1679.72,211.26,335.94,2.0,465
MC-18130,Mike Caudle,5,11,1582.0,121.76,316.4,2.2,465
JL-15175,James Lanier,5,7,1571.52,209.28,314.3,1.4,465
BV-11245,Benjamin Venier,5,14,1523.27,315.22,304.65,2.8,465
ZD-21925,Zuschuss Donatelli,5,9,1493.94,249.13,298.79,1.8,465
TB-21055,Ted Butterfield,5,18,1467.88,390.21,293.58,3.6,465
BN-11515,Bradley Nguyen,5,17,1459.34,340.71,291.87,3.4,465
NG-18430,Nathan Gelder,5,9,1395.94,217.09,279.19,1.8,465
TB-21595,Troy Blackwell,5,7,1387.56,-136.41,277.51,1.4,465
LM-17065,Liz MacKendrick,5,7,1346.77,-44.88,269.35,1.4,465
SJ-20500,Shirley Jackson,5,7,1318.78,68.1,263.76,1.4,465
Co-12640,Corey-Lock,5,8,1300.08,205.63,260.02,1.6,465
HR-14770,Hallie Redmond,5,13,1299.29,185.58,259.86,2.6,465
CS-11845,Cari Sayre,5,8,1278.95,185.38,255.79,1.6,465
MG-17875,Michael Grace,5,7,1242.83,-470.77,248.57,1.4,465
MD-17860,Michael Dominguez,5,8,1204.91,-4.04,240.98,1.6,465
BP-11230,Benjamin Patterson,5,6,1181.49,-197.27,236.3,1.2,465
DC-13285,Debra Catini,5,7,1174.62,132.07,234.92,1.4,465
DV-13045,Darrin Van Huff,5,9,1119.48,-427.18,223.9,1.8,465
JO-15550,Jesus Ocampo,5,11,1090.84,167.67,218.17,2.2,465
DB-13360,Dennis Bolton,5,6,1081.47,291.01,216.29,1.2,465
PO-19195,Phillina Ober,5,10,1056.86,-49.7,211.37,2.0,465
BP-11050,Barry Pond,5,7,983.42,209.78,196.68,1.4,465
TS-21340,Toby Swindell,5,12,974.78,-184.98,194.96,2.4,465
AB-10150,Aimee Bixby,5,12,966.71,313.66,193.34,2.4,465
SS-20875,Sung Shariari,5,15,964.64,-75.59,192.93,3.0,465
JF-15295,Jason Fortune-,5,14,955.12,97.29,191.02,2.8,465
EB-13930,Eric Barreto,5,7,944.6,0.6,188.92,1.4,465
MF-17665,Maureen Fritzler,5,8,937.04,-341.53,187.41,1.6,465
EM-13960,Eric Murdock,5,6,933.7,102.3,186.74,1.2,465
SC-20575,Sonia Cooley,5,7,902.73,100.23,180.55,1.4,465
HZ-14950,Henia Zydlo,5,6,886.52,-130.39,177.3,1.2,465
RE-19450,Richard Eichhorn,5,9,876.7,209.23,175.34,1.8,465
JM-15655,Jim Mitchum,5,12,864.95,117.2,172.99,2.4,465
JC-16105,Julie Creighton,5,9,858.58,201.6,171.72,1.8,465
VF-21715,Vicky Freymann,5,11,847.94,-96.28,169.59,2.2,465
CS-12175,Charles Sheldon,5,8,844.46,113.14,168.89,1.6,465
TB-21355,Todd Boyes,5,13,834.33,268.97,166.87,2.6,465
AM-10360,Alice McCarthy,5,12,814.01,194.99,162.8,2.4,465
HG-14845,Harry Greene,5,10,785.63,147.0,157.13,2.0,465
Dl-13600,Dorris liebe,5,6,755.6,175.24,151.12,1.2,465
BB-10990,Barry Blumstein,5,8,744.34,11.58,148.87,1.6,465
JJ-15445,Jennifer Jackson,5,6,709.18,200.56,141.84,1.2,465
TR-21325,Toby Ritter,5,7,675.94,220.36,135.19,1.4,465
AG-10330,Alex Grayson,5,9,660.97,-5.14,132.19,1.8,465
AC-10660,Anna Chung,5,6,657.32,-28.7,131.46,1.2,465
LO-17170,Lori Olson,5,9,644.35,150.17,128.87,1.8,465
RB-19570,Rob Beeghly,5,9,528.55,76.89,105.71,1.8,465
JS-15940,Joni Sundaresam,5,8,469.17,-327.93,93.83,1.6,465
EC-14050,Erin Creighton,5,7,461.91,96.43,92.38,1.4,465
KM-16660,Khloe Miller,5,9,453.54,91.14,90.71,1.8,465
VG-21805,Vivek Grady,5,6,427.37,-52.33,85.47,1.2,465
VM-21835,Vivian Mathis,5,8,380.69,116.64,76.14,1.6,465
HJ-14875,Heather Jas,5,6,358.1,98.65,71.62,1.2,465
DW-13540,Don Weiss,5,9,344.08,69.67,68.82,1.8,465
JM-15580,Jill Matthias,5,7,303.95,113.12,60.79,1.4,465
AR-10510,Andrew Roberts,5,7,264.86,43.67,52.97,1.4,465
PL-18925,Paul Lucas,5,8,239.48,-0.75,47.9,1.6,465
RB-19645,Robert Barroso,5,7,221.08,72.68,44.22,1.4,465
AG-10390,Allen Goldenen,5,8,200.94,69.28,40.19,1.6,465
TA-21385,Tom Ashbrook,4,10,14595.62,4703.79,3648.9,2.5,599
BM-11140,Becky Martin,4,16,11789.63,-1659.96,2947.41,4.0,599
PF-19120,Peter Fuller,4,19,9062.86,-614.29,2265.72,4.75,599
CM-12385,Christopher Martinez,4,10,8954.02,3899.89,2238.5,2.5,599
SC-20230,Scot Coram,4,11,4371.96,440.14,1092.99,2.75,599
GH-14425,Gary Hwang,4,10,4172.85,1176.42,1043.21,2.5,599
PM-19135,Peter McVee,4,7,4115.66,526.75,1028.92,1.75,599
CM-12715,Craig Molinari,4,13,3984.45,176.31,996.11,3.25,599
KC-16540,Kelly Collister,4,5,3908.26,709.42,977.07,1.25,599
TB-21175,Thomas Boland,4,11,3589.3,829.16,897.32,2.75,599
LC-16960,Lindsay Castell,4,7,3246.63,299.48,811.66,1.75,599
MG-18145,Mike Gockenbach,4,8,3061.54,-93.6,765.39,2.0,599
TH-21115,Thea Hudgings,4,9,2942.77,-252.55,735.69,2.25,599
CC-12685,Craig Carroll,4,12,2854.12,850.16,713.53,3.0,599
NS-18505,Neola Schneider,4,15,2575.86,-12.3,643.97,3.75,599
GZ-14545,George Zrebassa,4,5,2454.62,828.66,613.66,1.25,599
MG-17680,Maureen Gastineau,4,10,2350.19,25.89,587.55,2.5,599
FH-14350,Fred Harton,4,14,2271.28,706.29,567.82,3.5,599
JH-16180,Justin Hirsh,4,5,2256.39,-96.95,564.1,1.25,599
EN-13780,Edward Nazzal,4,9,2199.37,496.11,549.84,2.25,599
EJ-13720,Ed Jacobs,4,8,2162.17,387.02,540.54,2.0,599
CR-12580,Clay Rozendal,4,6,2148.85,74.4,537.21,1.5,599
TG-21640,Trudy Glocke,4,10,2074.66,365.72,518.67,2.5,599
RB-19705,Roger Barcio,4,7,2067.45,243.08,516.86,1.75,599
DJ-13420,Denny Joy,4,5,2012.52,483.04,503.13,1.25,599
LD-17005,Lisa DeCherney,4,7,1961.93,557.17,490.48,1.75,599
TP-21565,Tracy Poddar,4,10,1936.64,139.23,484.16,2.5,599
GD-14590,Giulietta Dortch,4,6,1888.07,230.94,472.02,1.5,599
PC-18745,Pamela Coakley,4,5,1832.06,272.68,458.02,1.25,599
AA-10480,Andrew Allen,4,12,1790.51,435.83,447.63,3.0,599
DS-13030,Darrin Sayre,4,19,1762.21,193.33,440.55,4.75,599
DB-13405,Denny Blanton,4,14,1711.69,438.91,427.92,3.5,599
TZ-21580,Tracy Zic,4,9,1707.29,224.89,426.82,2.25,599
CM-12115,Chad McGuire,4,7,1661.61,409.07,415.4,1.75,599
EB-13975,Erica Bern,4,6,1643.26,162.88,410.81,1.5,599
CR-12730,Craig Reiter,4,6,1600.55,306.92,400.14,1.5,599
AH-10195,Alan Haines,4,8,1587.45,-378.55,396.86,2.0,599
BF-11215,Benjamin Farhat,4,8,1585.16,523.21,396.29,2.0,599
AB-10600,Ann Blume,4,8,1515.86,-274.96,378.97,2.0,599
AG-10525,Andy Gerbode,4,9,1455.04,-152.76,363.76,2.25,599
JW-16075,Julia West,4,7,1428.73,154.06,357.18,1.75,599
CA-12310,Christine Abelman,4,11,1421.95,246.02,355.49,2.75,599
NL-18310,Nancy Lomonaco,4,10,1418.09,343.64,354.52,2.5,599
JS-15595,Jill Stevenson,4,8,1417.65,-175.55,354.41,2.0,599
BF-11005,Barry Franz,4,10,1333.88,-291.38,333.47,2.5,599
MT-18070,Michelle Tran,4,11,1319.45,-23.68,329.86,2.75,599
MM-17260,Magdelene Morse,4,6,1314.02,178.4,328.51,1.5,599
EK-13795,Eileen Kiefer,4,4,1303.48,97.11,325.87,1.0,599
SV-20815,Stuart Van,4,6,1271.09,199.65,317.77,1.5,599
CL-11890,Carl Ludwig,4,7,1262.01,328.08,315.5,1.75,599
ME-18010,Michelle Ellison,4,6,1256.94,107.36,314.24,1.5,599
MH-17620,Matt Hagelstein,4,6,1252.8,122.36,313.2,1.5,599
KC-16675,Kimberly Carter,4,7,1146.05,156.78,286.51,1.75,599
JS-15685,Jim Sink,4,11,1131.06,-54.87,282.77,2.75,599
CS-12490,Cindy Schnelling,4,9,1077.23,-302.88,269.31,2.25,599
VS-21820,Vivek Sundaresam,4,8,1055.98,-262.81,264.0,2.0,599
AR-10345,Alex Russell,4,5,1055.69,-221.05,263.92,1.25,599
DH-13675,Duane Huffman,4,11,1043.1,116.67,260.77,2.75,599
EM-14095,Eudokia Martin,4,10,1041.04,240.24,260.26,2.5,599
MK-18160,Mike Kennedy,4,11,1031.6,227.83,257.9,2.75,599
RD-19930,Russell D'Ascenzo,4,10,970.94,35.06,242.74,2.5,599
RP-19270,Rachel Payne,4,12,954.65,59.54,238.66,3.0,599
MO-17500,Mary O'Rourke,4,5,922.49,59.36,230.62,1.25,599
CS-12130,Chad Sievert,4,7,884.64,143.83,221.16,1.75,599
HE-14800,Harold Engle,4,11,883.53,274.4,220.88,2.75,599
AF-10885,Art Foster,4,7,861.56,-163.12,215.39,1.75,599
TB-21190,Thomas Brumley,4,4,816.17,179.0,204.04,1.0,599
MC-17635,Matthew Clasen,4,8,795.15,-247.94,198.79,2.0,599
LP-17080,Liz Pelletier,4,9,756.61,110.78,189.15,2.25,599
IG-15085,Ivan Gibson,4,7,744.57,320.5,186.14,1.75,599
AH-10585,Angele Hood,4,5,738.5,83.96,184.63,1.25,599
HM-14980,Henry MacAllister,4,7,736.28,117.28,184.07,1.75,599
PB-19105,Peter Bühler,4,5,688.32,218.16,172.08,1.25,599
AW-10840,Anthony Witt,4,8,649.38,65.77,162.34,2.0,599
MR-17545,Mathew Reese,4,6,639.18,162.94,159.79,1.5,599
BT-11440,Bobby Trafton,4,7,603.88,-77.53,150.97,1.75,599
MZ-17335,Maria Zettner,4,6,593.61,85.02,148.4,1.5,599
DL-13330,Denise Leinenbach,4,8,585.02,222.68,146.26,2.0,599
AY-10555,Andy Yotov,4,10,497.01,103.35,124.25,2.5,599
MS-17530,MaryBeth Skach,4,7,475.66,84.03,118.91,1.75,599
KW-16570,Kelly Williams,4,5,449.1,107.93,112.27,1.25,599
MH-17440,Mark Haberlin,4,9,400.02,61.43,100.0,2.25,599
NF-18475,Neil Französisch,4,4,377.16,85.93,94.29,1.0,599
MS-17830,Melanie Seite,4,5,370.35,19.43,92.59,1.25,599
AG-10300,Aleksandra Gannaway,4,5,367.55,59.29,91.89,1.25,599
LH-17020,Lisa Hazard,4,6,318.24,-242.74,79.56,1.5,599
JH-15430,Jennifer Halladay,4,7,309.28,-24.08,77.32,1.75,599
SC-20800,Stuart Calhoun,4,5,279.26,51.83,69.81,1.25,599
BN-11470,Brad Norvell,4,6,265.3,36.61,66.32,1.5,599
SM-20005,Sally Matthias,4,6,244.49,-26.59,61.12,1.5,599
EM-14065,Erin Mull,4,6,228.99,40.15,57.25,1.5,599
GT-14755,Guy Thornton,4,7,226.44,-6.14,56.61,1.75,599
AG-10765,Anthony Garverick,4,5,170.58,-8.43,42.65,1.25,599
PT-19090,Pete Takahito,4,7,160.57,-20.05,40.14,1.75,599
DA-13450,Dianna Arnett,4,8,156.76,56.79,39.19,2.0,599
JC-15340,Jasper Cacioppo,4,4,71.26,-0.36,17.82,1.0,599
GT-14635,Grant Thornton,3,6,9351.21,-4108.66,3117.07,2.0,695
GM-14695,Greg Maxwell,3,11,6049.97,188.72,2016.66,3.67,695
JK-16090,Juliana Krohn,3,9,3747.67,586.66,1249.22,3.0,695
SG-20080,Sandra Glassco,3,11,3406.58,570.44,1135.53,3.67,695
DJ-13630,Doug Jacobs,3,8,3356.4,731.56,1118.8,2.67,695
BS-11665,Brian Stugart,3,11,3288.11,238.74,1096.04,3.67,695
IM-15055,Ionia McGrath,3,4,2872.63,975.77,957.54,1.33,695
JE-16165,Justin Ellison,3,7,2697.25,789.65,899.08,2.33,695
DF-13135,David Flashing,3,6,2390.53,-259.31,796.84,2.0,695
JG-15115,Jack Garza,3,7,2358.68,684.19,786.23,2.33,695
RH-19600,Rob Haberlin,3,11,2085.74,172.63,695.25,3.67,695
CH-12070,Cathy Hwang,3,4,1537.24,195.15,512.41,1.33,695
RK-19300,Ralph Kennedy,3,8,1460.19,269.69,486.73,2.67,695
PM-18940,Paul MacIntyre,3,4,1405.4,157.88,468.47,1.33,695
CR-12820,Cyra Reiten,3,7,1397.87,83.27,465.96,2.33,695
DM-13525,Don Miller,3,10,1376.79,199.77,458.93,3.33,695
SB-20170,Sarah Bern,3,7,1348.02,157.67,449.34,2.33,695
MG-17695,Maureen Gnade,3,7,1342.28,-398.79,447.43,2.33,695
LW-17125,Liz Willingham,3,5,1259.04,192.63,419.68,1.67,695
ER-13855,Elpida Rittenbach,3,5,1245.79,-295.74,415.26,1.67,695
CG-12520,Claire Gute,3,5,1148.78,169.93,382.93,1.67,695
TM-21490,Tony Molinari,3,4,1094.68,292.52,364.89,1.33,695
SW-20350,Sean Wendt,3,6,1019.04,95.84,339.68,2.0,695
VP-21730,Victor Preis,3,5,993.9,205.39,331.3,1.67,695
AC-10420,Alyssa Crouse,3,5,925.8,-62.13,308.6,1.67,695
KB-16405,Katrina Bavinger,3,9,908.82,274.3,302.94,3.0,695
JB-15925,Joni Blumstein,3,8,900.55,-286.98,300.18,2.67,695
AB-10015,Aaron Bergman,3,6,886.16,129.35,295.39,2.0,695
SK-19990,Sally Knutson,3,5,883.41,168.79,294.47,1.67,695
BF-11275,Beth Fritzler,3,4,791.99,25.87,264.0,1.33,695
ML-18040,Michelle Lonsdale,3,4,742.08,138.72,247.36,1.33,695
PB-18805,Patrick Bzostek,3,10,740.36,229.23,246.79,3.33,695
JD-16060,Julia Dunbar,3,6,695.44,111.11,231.81,2.0,695
CD-11980,Carol Darley,3,6,639.77,-206.72,213.26,2.0,695
AJ-10960,Astrea Jones,3,5,629.25,60.43,209.75,1.67,695
SS-20515,Shirley Schmidt,3,6,613.4,199.93,204.47,2.0,695
BD-11635,Brian Derr,3,5,582.65,141.53,194.22,1.67,695
CR-12625,Corey Roper,3,4,475.9,144.76,158.63,1.33,695
TT-21265,Tim Taslimi,3,3,439.5,93.92,146.5,1.0,695
BW-11065,Barry Weirich,3,3,385.52,-58.29,128.51,1.0,695
JK-15325,Jason Klamczynski,3,4,383.81,55.33,127.94,1.33,695
LS-17230,Lycoris Saunders,3,6,368.88,39.2,122.96,2.0,695
EM-14200,Evan Minnotte,3,4,366.82,21.77,122.27,1.33,695
LT-16765,Larry Tron,3,3,329.88,59.04,109.96,1.0,695
CM-12445,Chuck Magee,3,9,287.99,64.43,96.0,3.0,695
LH-16750,Larry Hughes,3,3,287.43,12.63,95.81,1.0,695
BF-11080,Bart Folk,3,6,272.95,110.93,90.98,2.0,695
HD-14785,Harold Dahlen,3,7,251.36,-135.88,83.79,2.33,695
CC-12550,Clay Cheatham,3,4,113.83,33.87,37.94,1.33,695
KS-16300,Karen Seio,3,4,88.47,0.11,29.49,1.33,695
FW-14395,Fred Wasserman,3,3,79.75,23.49,26.58,1.0,695
LB-16735,Larry Blacks,3,3,50.19,18.65,16.73,1.0,695
SG-20890,Susan Gilcrest,3,5,47.95,-3.71,15.98,1.67,695
MW-18235,Mitch Willingham,2,3,5253.88,1665.52,2626.94,1.5,748
SH-20635,Stefanie Holloman,2,2,2096.39,260.63,1048.2,1.0,748
VT-21700,Valerie Takahito,2,9,1736.6,-224.09,868.3,4.5,748
PK-18910,Paul Knutson,2,3,1441.15,-798.7,720.58,1.5,748
GH-14485,Gene Hale,2,3,1361.24,-95.45,680.62,1.5,748
GR-14560,Georgia Rosenberg,2,5,1284.38,359.83,642.19,2.5,748
CD-12280,Christina DeMoss,2,13,1205.58,233.03,602.79,6.5,748
JR-15670,Jim Radford,2,3,1156.66,-785.16,578.33,1.5,748
PC-19000,Pauline Chand,2,3,1061.49,-184.34,530.74,1.5,748
DP-13165,David Philippe,2,4,1058.62,-40.94,529.31,2.0,748
RB-19330,Randy Bradley,2,6,1008.2,-164.41,504.1,3.0,748
BS-11800,Bryan Spruell,2,8,949.43,194.05,474.72,4.0,748
DK-13150,David Kendrick,2,5,797.83,249.94,398.92,2.5,748
SW-20755,Steven Ward,2,8,758.7,68.24,379.35,4.0,748
RH-19555,Ritsa Hightower,2,3,740.38,0.31,370.19,1.5,748
RR-19315,Ralph Ritter,2,4,615.93,-73.83,307.97,2.0,748
CM-11935,Carlos Meador,2,4,565.39,-43.73,282.7,2.0,748
CS-12460,Chuck Sachs,2,6,550.64,156.26,275.32,3.0,748
BT-11485,Brad Thomas,2,3,415.2,126.87,207.6,1.5,748
BD-11560,Brendan Dodson,2,4,320.54,116.71,160.27,2.0,748
SC-20845,Sung Chung,2,4,280.63,31.18,140.32,2.0,748
NB-18580,Nicole Brennan,2,2,273.87,24.79,136.94,1.0,748
GP-14740,Guy Phonely,2,5,236.53,31.84,118.26,2.5,748
HH-15010,Hilary Holden,2,6,218.67,86.73,109.33,3.0,748
JJ-15760,Joel Jenkins,2,3,195.0,34.45,97.5,1.5,748
ML-18265,Muhammed Lee,2,3,162.23,42.66,81.12,1.5,748
MO-17950,Michael Oakman,2,4,154.29,-82.01,77.14,2.0,748
GH-14665,Greg Hansen,2,3,146.94,-5.81,73.47,1.5,748
PB-19210,Phillip Breyer,2,2,132.74,21.9,66.37,1.0,748
BO-11425,Bobby Odegard,2,2,130.83,59.45,65.42,1.0,748
EL-13735,Ed Ludwig,2,2,124.28,27.12,62.14,1.0,748
AS-10135,Adrian Shami,2,3,58.82,21.85,29.41,1.5,748
RS-19870,Roy Skaria,2,3,22.33,9.58,11.16,1.5,748
TS-21085,Thais Sissman,2,2,4.83,-3.32,2.42,1.0,748
JC-15385,Jenna Caffey,1,4,1058.11,502.92,1058.11,4.0,782
SM-20905,Susan MacKendrick,1,6,1043.04,-237.29,1043.04,6.0,782
TC-21145,Theresa Coyne,1,4,1038.26,265.53,1038.26,4.0,782
JR-15700,Jocasta Rupert,1,1,863.88,107.98,863.88,1.0,782
PH-18790,Patricia Hirasaki,1,2,729.65,47.89,729.65,2.0,782
AO-10810,Anthony O'Donnell,1,1,161.28,12.1,161.28,1.0,782
RM-19750,Roland Murray,1,2,98.35,28.69,98.35,2.0,782
AR-10570,Anemone Ratner,1,2,88.15,32.63,88.15,2.0,782
RE-19405,Ricardo Emerson,1,1,48.36,6.04,48.36,1.0,782
MG-18205,Mitch Gastineau,1,2,16.74,-1.25,16.74,2.0,782
CJ-11875,Carl Jackson,1,1,16.52,1.65,16.52,1.0,782
LD-16855,Lela Donovan,1,1,5.3,0.46,5.3,1.0,782
