Order_Count_Rank,Customer ID,Customer Name,Order_Count,Total_Sales,Avg_Order_Value
1,EP-13915,Emily Phan,17,5478.06,322.24
2,ZC-21910,Zuschuss Carroll,13,8025.71,617.36
2,JE-15745,Joel Eaton,13,6760.82,520.06
2,SH-19975,Sally Hughsby,13,3406.84,262.06
2,CK-12205,Chloris Kastensmidt,13,3154.86,242.68
2,PG-18820,Patrick Gardner,13,3086.91,237.45
2,NS-18640,Noel Staavos,13,2964.82,228.06
2,EA-14035,Erin Ashbrook,13,2846.7,218.98
9,KL-16645,Ken Lonsdale,12,14175.23,1181.27
9,CL-12565,Clay Ludtke,12,10880.55,906.71
9,EH-13765,Edward Hooks,12,10310.88,859.24
9,PK-19075,Pete Kriz,12,8646.93,720.58
9,KD-16495,Keith Dawkins,12,8181.26,681.77
9,AH-10690,Anna Häberlin,12,7888.29,657.36
9,LC-16885,Lena Creighton,12,7663.13,638.59
9,BD-11320,Bill Donatelli,12,5718.52,476.54
9,SM-20950,Suzanne McNair,12,5563.39,463.62
9,RP-19390,Resi Pölking,12,5153.08,429.42
9,RB-19465,Rick Bensley,12,4715.47,392.96
9,SJ-20125,Sanjit Jacobs,12,3949.66,329.14
9,CC-12220,Chris Cortes,12,3913.42,326.12
9,DK-12835,Damala Kotsonis,12,3256.48,271.37
9,HG-14965,Henry Goldwyn,12,3247.64,270.64
9,CS-12250,Chris Selesnick,12,2754.22,229.52
9,KB-16585,Ken Black,12,2744.74,228.73
9,BP-11095,Bart Pistole,12,2442.04,203.5
