first_cohort,month_index,active_customers,cohort_size,retention_pct
2009-12-01,0,951,951,100.0
2009-12-01,1,333,951,35.02
2009-12-01,2,317,951,33.33
2009-12-01,3,404,951,42.48
2009-12-01,4,360,951,37.85
2009-12-01,5,342,951,35.96
2009-12-01,6,358,951,37.64
2009-12-01,7,327,951,34.38
2009-12-01,8,321,951,33.75
2009-12-01,9,344,951,36.17
2009-12-01,10,401,951,42.17
2009-12-01,11,472,951,49.63
2009-12-01,12,358,951,37.64
2009-12-01,13,268,951,28.18
2009-12-01,14,232,951,24.4
2009-12-01,15,288,951,30.28
2009-12-01,16,250,951,26.29
2009-12-01,17,288,951,30.28
2009-12-01,18,270,951,28.39
2009-12-01,19,246,951,25.87
2009-12-01,20,242,951,25.45
2009-12-01,21,298,951,31.34
2009-12-01,22,289,951,30.39
2009-12-01,23,386,951,40.59
2009-12-01,24,187,951,19.66
2010-01-01,0,368,368,100.0
2010-01-01,1,79,368,21.47
2010-01-01,2,118,368,32.07
2010-01-01,3,116,368,31.52
2010-01-01,4,100,368,27.17
2010-01-01,5,114,368,30.98
2010-01-01,6,99,368,26.9
2010-01-01,7,86,368,23.37
2010-01-01,8,105,368,28.53
2010-01-01,9,120,368,32.61
2010-01-01,10,114,368,30.98
2010-01-01,11,66,368,17.93
2010-01-01,12,84,368,22.83
2010-01-01,13,66,368,17.93
2010-01-01,14,72,368,19.57
2010-01-01,15,56,368,15.22
2010-01-01,16,90,368,24.46
2010-01-01,17,75,368,20.38
2010-01-01,18,71,368,19.29
2010-01-01,19,74,368,20.11
2010-01-01,20,93,368,25.27
2010-01-01,21,73,368,19.84
2010-01-01,22,93,368,25.27
2010-01-01,23,21,368,5.71
2010-02-01,0,375,375,100.0
2010-02-01,1,88,375,23.47
2010-02-01,2,85,375,22.67
2010-02-01,3,110,375,29.33
2010-02-01,4,92,375,24.53
2010-02-01,5,74,375,19.73
2010-02-01,6,72,375,19.2
2010-02-01,7,108,375,28.8
2010-02-01,8,96,375,25.6
2010-02-01,9,104,375,27.73
2010-02-01,10,43,375,11.47
2010-02-01,11,47,375,12.53
2010-02-01,12,57,375,15.2
2010-02-01,13,66,375,17.6
2010-02-01,14,46,375,12.27
2010-02-01,15,75,375,20.0
2010-02-01,16,60,375,16.0
2010-02-01,17,61,375,16.27
2010-02-01,18,54,375,14.4
2010-02-01,19,86,375,22.93
2010-02-01,20,86,375,22.93
2010-02-01,21,62,375,16.53
2010-02-01,22,22,375,5.87
2010-03-01,0,441,441,100.0
2010-03-01,1,84,441,19.05
2010-03-01,2,102,441,23.13
2010-03-01,3,107,441,24.26
2010-03-01,4,102,441,23.13
2010-03-01,5,90,441,20.41
2010-03-01,6,109,441,24.72
2010-03-01,7,135,441,30.61
2010-03-01,8,122,441,27.66
2010-03-01,9,48,441,10.88
2010-03-01,10,51,441,11.56
2010-03-01,11,64,441,14.51
2010-03-01,12,88,441,19.95
2010-03-01,13,72,441,16.33
2010-03-01,14,88,441,19.95
2010-03-01,15,75,441,17.01
2010-03-01,16,77,441,17.46
2010-03-01,17,69,441,15.65
2010-03-01,18,78,441,17.69
2010-03-01,19,90,441,20.41
2010-03-01,20,94,441,21.32
2010-03-01,21,34,441,7.71
2010-04-01,0,294,294,100.0
2010-04-01,1,56,294,19.05
2010-04-01,2,56,294,19.05
2010-04-01,3,47,294,15.99
2010-04-01,4,54,294,18.37
2010-04-01,5,65,294,22.11
2010-04-01,6,81,294,27.55
2010-04-01,7,78,294,26.53
2010-04-01,8,31,294,10.54
2010-04-01,9,32,294,10.88
2010-04-01,10,22,294,7.48
2010-04-01,11,41,294,13.95
2010-04-01,12,42,294,14.29
2010-04-01,13,46,294,15.65
2010-04-01,14,46,294,15.65
2010-04-01,15,46,294,15.65
2010-04-01,16,41,294,13.95
2010-04-01,17,44,294,14.97
2010-04-01,18,53,294,18.03
2010-04-01,19,67,294,22.79
2010-04-01,20,17,294,5.78
2010-05-01,0,255,255,100.0
2010-05-01,1,40,255,15.69
2010-05-01,2,43,255,16.86
2010-05-01,3,45,255,17.65
2010-05-01,4,45,255,17.65
2010-05-01,5,65,255,25.49
2010-05-01,6,54,255,21.18
2010-05-01,7,32,255,12.55
2010-05-01,8,15,255,5.88
2010-05-01,9,21,255,8.24
2010-05-01,10,29,255,11.37
2010-05-01,11,34,255,13.33
2010-05-01,12,39,255,15.29
2010-05-01,13,39,255,15.29
2010-05-01,14,25,255,9.8
2010-05-01,15,32,255,12.55
2010-05-01,16,35,255,13.73
2010-05-01,17,42,255,16.47
2010-05-01,18,39,255,15.29
2010-05-01,19,12,255,4.71
2010-06-01,0,267,267,100.0
2010-06-01,1,47,267,17.6
2010-06-01,2,50,267,18.73
2010-06-01,3,55,267,20.6
2010-06-01,4,62,267,23.22
2010-06-01,5,76,267,28.46
2010-06-01,6,34,267,12.73
2010-06-01,7,24,267,8.99
2010-06-01,8,22,267,8.24
2010-06-01,9,30,267,11.24
2010-06-01,10,28,267,10.49
2010-06-01,11,37,267,13.86
2010-06-01,12,40,267,14.98
2010-06-01,13,33,267,12.36
2010-06-01,14,30,267,11.24
2010-06-01,15,33,267,12.36
2010-06-01,16,35,267,13.11
2010-06-01,17,54,267,20.22
2010-06-01,18,13,267,4.87
2010-07-01,0,186,186,100.0
2010-07-01,1,29,186,15.59
2010-07-01,2,34,186,18.28
2010-07-01,3,55,186,29.57
2010-07-01,4,54,186,29.03
2010-07-01,5,26,186,13.98
2010-07-01,6,21,186,11.29
2010-07-01,7,27,186,14.52
2010-07-01,8,27,186,14.52
2010-07-01,9,21,186,11.29
2010-07-01,10,25,186,13.44
2010-07-01,11,27,186,14.52
2010-07-01,12,24,186,12.9
2010-07-01,13,25,186,13.44
2010-07-01,14,36,186,19.35
2010-07-01,15,32,186,17.2
2010-07-01,16,44,186,23.66
2010-07-01,17,15,186,8.06
2010-08-01,0,163,163,100.0
2010-08-01,1,32,163,19.63
2010-08-01,2,47,163,28.83
2010-08-01,3,53,163,32.52
2010-08-01,4,27,163,16.56
2010-08-01,5,19,163,11.66
2010-08-01,6,16,163,9.82
2010-08-01,7,21,163,12.88
2010-08-01,8,22,163,13.5
2010-08-01,9,21,163,12.88
2010-08-01,10,21,163,12.88
2010-08-01,11,19,163,11.66
2010-08-01,12,24,163,14.72
2010-08-01,13,28,163,17.18
2010-08-01,14,28,163,17.18
2010-08-01,15,32,163,19.63
2010-08-01,16,12,163,7.36
2010-09-01,0,239,239,100.0
2010-09-01,1,55,239,23.01
2010-09-01,2,56,239,23.43
2010-09-01,3,31,239,12.97
2010-09-01,4,21,239,8.79
2010-09-01,5,25,239,10.46
2010-09-01,6,33,239,13.81
2010-09-01,7,23,239,9.62
2010-09-01,8,31,239,12.97
2010-09-01,9,31,239,12.97
2010-09-01,10,29,239,12.13
2010-09-01,11,24,239,10.04
2010-09-01,12,54,239,22.59
2010-09-01,13,40,239,16.74
2010-09-01,14,40,239,16.74
2010-09-01,15,13,239,5.44
2010-10-01,0,375,375,100.0
2010-10-01,1,97,375,25.87
2010-10-01,2,55,375,14.67
2010-10-01,3,47,375,12.53
2010-10-01,4,33,375,8.8
2010-10-01,5,31,375,8.27
2010-10-01,6,49,375,13.07
2010-10-01,7,52,375,13.87
2010-10-01,8,40,375,10.67
2010-10-01,9,35,375,9.33
2010-10-01,10,40,375,10.67
2010-10-01,11,48,375,12.8
2010-10-01,12,72,375,19.2
2010-10-01,13,87,375,23.2
2010-10-01,14,26,375,6.93
2010-11-01,0,326,326,100.0
2010-11-01,1,57,326,17.48
2010-11-01,2,31,326,9.51
2010-11-01,3,31,326,9.51
2010-11-01,4,25,326,7.67
2010-11-01,5,29,326,8.9
2010-11-01,6,42,326,12.88
2010-11-01,7,33,326,10.12
2010-11-01,8,28,326,8.59
2010-11-01,9,30,326,9.2
2010-11-01,10,36,326,11.04
2010-11-01,11,48,326,14.72
2010-11-01,12,82,326,25.15
2010-11-01,13,21,326,6.44
2010-12-01,0,76,76,100.0
2010-12-01,1,7,76,9.21
2010-12-01,2,4,76,5.26
2010-12-01,3,7,76,9.21
2010-12-01,4,9,76,11.84
2010-12-01,5,5,76,6.58
2010-12-01,6,4,76,5.26
2010-12-01,7,7,76,9.21
2010-12-01,8,4,76,5.26
2010-12-01,9,2,76,2.63
2010-12-01,10,7,76,9.21
2010-12-01,11,15,76,19.74
2010-12-01,12,2,76,2.63
2011-01-01,0,72,72,100.0
2011-01-01,1,12,72,16.67
2011-01-01,2,16,72,22.22
2011-01-01,3,14,72,19.44
2011-01-01,4,16,72,22.22
2011-01-01,5,11,72,15.28
2011-01-01,6,11,72,15.28
2011-01-01,7,9,72,12.5
2011-01-01,8,8,72,11.11
2011-01-01,9,15,72,20.83
2011-01-01,10,18,72,25.0
2011-01-01,11,8,72,11.11
2011-02-01,0,125,125,100.0
2011-02-01,1,20,125,16.0
2011-02-01,2,20,125,16.0
2011-02-01,3,23,125,18.4
2011-02-01,4,27,125,21.6
2011-02-01,5,20,125,16.0
2011-02-01,6,20,125,16.0
2011-02-01,7,19,125,15.2
2011-02-01,8,19,125,15.2
2011-02-01,9,23,125,18.4
2011-02-01,10,8,125,6.4
2011-03-01,0,179,179,100.0
2011-03-01,1,32,179,17.88
2011-03-01,2,39,179,21.79
2011-03-01,3,36,179,20.11
2011-03-01,4,40,179,22.35
2011-03-01,5,27,179,15.08
2011-03-01,6,37,179,20.67
2011-03-01,7,36,179,20.11
2011-03-01,8,43,179,24.02
2011-03-01,9,17,179,9.5
2011-04-01,0,106,106,100.0
2011-04-01,1,26,106,24.53
2011-04-01,2,21,106,19.81
2011-04-01,3,21,106,19.81
2011-04-01,4,19,106,17.92
2011-04-01,5,25,106,23.58
2011-04-01,6,19,106,17.92
2011-04-01,7,27,106,25.47
2011-04-01,8,12,106,11.32
2011-05-01,0,111,111,100.0
2011-05-01,1,26,111,23.42
2011-05-01,2,27,111,24.32
2011-05-01,3,18,111,16.22
2011-05-01,4,24,111,21.62
2011-05-01,5,23,111,20.72
2011-05-01,6,29,111,26.13
2011-05-01,7,13,111,11.71
2011-06-01,0,108,108,100.0
2011-06-01,1,25,108,23.15
2011-06-01,2,23,108,21.3
2011-06-01,3,29,108,26.85
2011-06-01,4,22,108,20.37
2011-06-01,5,30,108,27.78
2011-06-01,6,9,108,8.33
2011-07-01,0,101,101,100.0
2011-07-01,1,21,101,20.79
2011-07-01,2,30,101,29.7
2011-07-01,3,28,101,27.72
2011-07-01,4,35,101,34.65
2011-07-01,5,16,101,15.84
2011-08-01,0,107,107,100.0
2011-08-01,1,28,107,26.17
2011-08-01,2,32,107,29.91
2011-08-01,3,28,107,26.17
2011-08-01,4,18,107,16.82
2011-09-01,0,188,188,100.0
2011-09-01,1,51,188,27.13
2011-09-01,2,71,188,37.77
2011-09-01,3,28,188,14.89
2011-10-01,0,221,221,100.0
2011-10-01,1,70,221,31.67
2011-10-01,2,35,221,15.84
2011-11-01,0,191,191,100.0
2011-11-01,1,27,191,14.14
2011-12-01,0,28,28,100.0
