order_month,orders,active_customers,revenue,new_customers,returning_customers,returning_pct,repeat_order_revenue
2009-12-01,1497,951,678266.07,951,0,0.0,280641.97
2010-01-01,959,701,533862.98,368,333,47.5,390152.03
2010-02-01,1093,771,498137.57,375,396,51.36,350771.14
2010-03-01,1509,1051,666373.67,441,610,58.04,489353.81
2010-04-01,1315,939,585477.43,294,645,68.69,468217.36
2010-05-01,1365,965,592934.13,255,710,73.58,491217.7
2010-06-01,1479,1034,629259.4,267,767,74.18,514281.8
2010-07-01,1364,925,582147.96,186,739,79.89,523841.01
2010-08-01,1276,910,595111.17,163,747,82.09,539589.48
2010-09-01,1659,1136,805944.81,239,897,78.96,659672.41
2010-10-01,2108,1492,1012421.5,375,1117,74.87,852887.34
2010-11-01,2571,1606,1157278.39,326,1280,79.7,1022125.59
2010-12-01,1395,884,565749.56,76,808,91.4,539886.31
2011-01-01,983,739,562882.91,72,667,90.26,520760.23
2011-02-01,992,757,442493.59,125,632,83.49,403654.44
2011-03-01,1312,973,583843.85,179,794,81.6,518498.43
2011-04-01,1139,853,454840.88,106,747,87.57,417710.93
2011-05-01,1544,1054,659678.49,111,943,89.47,614053.2
2011-06-01,1390,990,653764.92,108,882,89.09,612929.32
2011-07-01,1321,946,592103.79,101,845,89.32,554418.27
2011-08-01,1268,933,635864.38,107,826,88.53,593368.0
2011-09-01,1740,1259,939652.63,188,1071,85.07,854213.5
2011-10-01,1903,1361,1003026.56,221,1140,83.76,917467.96
2011-11-01,2642,1660,1137634.0,191,1469,88.49,1075378.86
2011-12-01,776,614,512378.08,28,586,95.44,492949.22
