year_month,revenue,prev_month_revenue,change_abs,mom_growth_pct,note
1996-07,27861.89,,,,partial month
1996-08,25485.28,27861.89,-2376.61,-8.5,
1996-09,26381.4,25485.28,896.12,3.5,
1996-10,37515.73,26381.4,11134.33,42.2,
1996-11,45600.04,37515.73,8084.31,21.5,
1996-12,45239.63,45600.04,-360.41,-0.8,
1997-01,61258.08,45239.63,16018.45,35.4,
1997-02,38483.64,61258.08,-22774.44,-37.2,
1997-03,38547.22,38483.64,63.58,0.2,
1997-04,53032.95,38547.22,14485.73,37.6,
1997-05,53781.29,53032.95,748.34,1.4,
1997-06,36362.8,53781.29,-17418.49,-32.4,
1997-07,51020.86,36362.8,14658.06,40.3,
1997-08,47287.68,51020.86,-3733.18,-7.3,
1997-09,55629.24,47287.68,8341.56,17.6,
1997-10,66749.23,55629.24,11119.99,20.0,
1997-11,43533.8,66749.23,-23215.43,-34.8,
1997-12,71398.43,43533.8,27864.63,64.0,
1998-01,94222.1,71398.43,22823.67,32.0,
1998-02,99415.28,94222.1,5193.18,5.5,
1998-03,104854.15,99415.28,5438.87,5.5,
1998-04,123798.68,104854.15,18944.53,18.1,
1998-05,18333.62,123798.68,-105465.06,-85.2,partial month
