Salesperson,Region,Sales,Profit,Profit Margin,Line Items,AOV (proxy),Avg Discount,% Loss-Making Lines,Expected Profit,Expected Margin,Margin Gap (pp),Composite Score,Rank (Composite),Rank (Sales only),Rank change vs sales-only,Size Tier,Rank within Tier,Data Quality
State Rep - California,West,457576.2715,76330.7891,0.1668,1996,229.2466,0.0729,0.0526,54951.9446,0.1201,0.0467,76.003,1,1,0,Large,1,OK
State Rep - New York,East,310827.151,74015.4622,0.2381,1127,275.8005,0.0554,0.0417,37186.763,0.1196,0.1185,73.8689,2,2,0,Large,2,OK
State Rep - Texas,Central,170124.5418,-25750.9833,-0.1514,983,173.0667,0.3705,0.4944,18180.2748,0.1069,-0.2582,12.4664,45,3,-42,Large,14,OK
State Rep - Washington,West,138560.81,33368.2375,0.2408,502,276.0175,0.0645,0.0339,18979.638,0.137,0.1038,55.8868,4,4,0,Large,4,OK
State Rep - Pennsylvania,East,116496.362,-15565.4035,-0.1336,586,198.7993,0.3288,0.4744,15911.3603,0.1366,-0.2702,14.1822,44,5,-39,Large,13,OK
State Rep - Florida,South,89473.708,-3399.3017,-0.038,383,233.6128,0.2993,0.329,8696.6592,0.0972,-0.1352,23.364,40,6,-34,Large,10,OK
State Rep - Illinois,Central,80162.537,-12601.65,-0.1572,491,163.2638,0.3892,0.5173,10545.131,0.1315,-0.2887,10.2932,47,7,-40,Large,15,OK
State Rep - Ohio,East,77976.764,-16959.3178,-0.2175,468,166.617,0.325,0.4444,9548.0421,0.1224,-0.3399,7.5591,49,8,-41,Large,16,OK
State Rep - Michigan,Central,75879.644,24428.0903,0.3219,254,298.7388,0.0071,0.0,9862.5707,0.13,0.192,57.3911,3,9,6,Large,3,OK
State Rep - Virginia,South,70636.72,18597.9504,0.2633,224,315.3425,0.0,0.0,5899.1827,0.0835,0.1798,53.7468,8,10,2,Large,7,OK
State Rep - North Carolina,South,55603.164,-7490.9122,-0.1347,249,223.3059,0.2835,0.2731,5266.1638,0.0947,-0.2294,15.7309,43,11,-32,Large,12,OK
State Rep - Indiana,Central,53555.36,18382.9363,0.3433,149,359.4319,0.0,0.0,11728.523,0.219,0.1243,54.6732,6,12,6,Large,5,OK
State Rep - Georgia,South,49095.84,16250.0433,0.331,184,266.8252,0.0,0.0,7929.6132,0.1615,0.1695,53.9692,7,13,6,Large,6,OK
State Rep - Kentucky,South,36591.75,11199.6966,0.3061,139,263.25,0.0,0.0,4938.5926,0.135,0.1711,51.3504,11,14,3,Large,8,OK
State Rep - New Jersey,East,35764.312,9772.9138,0.2733,130,275.1101,0.0046,0.0154,3744.4305,0.1047,0.1686,49.749,14,15,1,Large,9,OK
State Rep - Arizona,West,35282.001,-3427.9246,-0.0972,224,157.5089,0.3036,0.3795,4613.9228,0.1308,-0.2279,16.1945,42,16,-26,Large,11,OK
State Rep - Wisconsin,Central,32114.61,8401.8004,0.2616,110,291.951,0.0,0.0,3989.0047,0.1242,0.1374,48.3641,19,17,-2,Mid,8,OK
State Rep - Colorado,West,32108.118,-6527.8579,-0.2033,182,176.4182,0.3165,0.3626,3315.1355,0.1032,-0.3066,9.6485,48,18,-30,Mid,17,OK
State Rep - Tennessee,South,30661.873,-5341.6936,-0.1742,183,167.5512,0.2913,0.3552,2833.5318,0.0924,-0.2666,12.3836,46,19,-27,Mid,16,OK
State Rep - Minnesota,Central,29863.15,10823.1874,0.3624,89,335.541,0.0,0.0,4020.7538,0.1346,0.2278,54.6843,5,20,15,Mid,1,OK
State Rep - Massachusetts,East,28634.434,6785.5016,0.237,135,212.1069,0.0156,0.037,3425.5245,0.1196,0.1173,45.5756,23,21,-2,Mid,11,OK
State Rep - Delaware,East,27451.069,9977.3748,0.3635,96,285.9486,0.0062,0.0208,5892.6337,0.2147,0.1488,52.0777,10,22,12,Mid,2,OK
State Rep - Maryland,East,23705.523,7031.1788,0.2966,105,225.7669,0.0057,0.019,3208.3521,0.1353,0.1613,48.8161,17,23,6,Mid,6,OK
State Rep - Rhode Island,East,22627.956,7285.6293,0.322,56,404.0706,0.0214,0.0714,4296.3942,0.1899,0.1321,49.8073,13,24,11,Mid,3,OK
State Rep - Missouri,Central,22205.15,6436.2105,0.2899,66,336.4417,0.0,0.0,3549.0675,0.1598,0.13,48.5362,18,25,7,Mid,7,OK
State Rep - Oklahoma,Central,19683.39,4853.956,0.2466,66,298.2332,0.0,0.0,2209.1789,0.1122,0.1344,46.4107,22,26,4,Mid,10,OK
State Rep - Alabama,South,19510.64,5786.8253,0.2966,61,319.8466,0.0,0.0,2393.129,0.1227,0.1739,49.3989,16,27,11,Mid,5,OK
State Rep - Oregon,West,17420.782,-1194.0993,-0.0685,123,141.6324,0.2894,0.3496,2386.6004,0.137,-0.2055,17.7112,41,28,-13,Mid,15,OK
State Rep - Nevada,West,16729.102,3316.7659,0.1983,39,428.9513,0.0615,0.0256,1333.4297,0.0797,0.1186,43.1853,32,29,-3,Mid,13,Low volume - interpret with caution
State Rep - Connecticut,East,13384.357,3511.4918,0.2624,82,163.2239,0.0073,0.0244,1611.0022,0.1204,0.142,45.4279,24,30,6,Mid,12,OK
State Rep - Arkansas,South,11678.13,4008.6871,0.3433,60,194.6355,0.0,0.0,1895.5344,0.1623,0.1809,49.5341,15,31,16,Mid,4,OK
State Rep - Utah,West,11220.056,2546.5335,0.227,53,211.6992,0.0604,0.0,1385.8548,0.1235,0.1034,41.9566,34,32,-2,Mid,14,OK
State Rep - Mississippi,South,10771.34,3172.9762,0.2946,53,203.2328,0.0,0.0,1333.0004,0.1238,0.1708,47.4538,20,33,13,Mid,9,OK
State Rep - Louisiana,South,9217.03,2196.1023,0.2383,42,219.4531,0.0,0.0,699.5021,0.0759,0.1624,45.1412,27,34,7,Small,6,Low volume - interpret with caution
State Rep - Vermont,East,8929.37,2244.9783,0.2514,11,811.7609,0.0,0.0,458.9811,0.0514,0.2,50.4294,12,35,23,Small,2,Low volume - interpret with caution
State Rep - South Carolina,South,8481.71,1769.0566,0.2086,42,201.9455,0.0,0.0,1134.9081,0.1338,0.0748,41.8393,35,36,1,Small,12,Low volume - interpret with caution
State Rep - Nebraska,Central,7464.93,2037.0942,0.2729,38,196.4455,0.0,0.0,1100.6014,0.1474,0.1255,45.1921,25,37,12,Small,4,Low volume - interpret with caution
State Rep - New Hampshire,East,7292.524,1706.5028,0.234,27,270.0935,0.0111,0.037,1205.3164,0.1653,0.0687,42.6683,33,38,5,Small,11,Low volume - interpret with caution
State Rep - Montana,West,5589.352,1833.3285,0.328,15,372.6235,0.0667,0.0,1462.4789,0.2617,0.0663,45.0295,29,39,10,Small,8,Low volume - interpret with caution
State Rep - New Mexico,West,4783.522,1157.1161,0.2419,37,129.2844,0.0595,0.027,940.3938,0.1966,0.0453,39.963,37,40,3,Small,14,Low volume - interpret with caution
State Rep - Iowa,Central,4579.76,1183.8119,0.2585,30,152.6587,0.0,0.0,405.9517,0.0886,0.1698,45.1053,28,41,13,Small,7,Low volume - interpret with caution
State Rep - Idaho,West,4382.486,826.7231,0.1886,21,208.6898,0.0857,0.0,225.5138,0.0515,0.1372,40.0443,36,42,6,Small,13,Low volume - interpret with caution
State Rep - Kansas,Central,2914.31,836.4435,0.287,24,121.4296,0.0,0.0,460.6868,0.1581,0.1289,44.7584,30,43,13,Small,9,Low volume - interpret with caution
State Rep - District of Columbia,East,2865.02,1059.5893,0.3698,10,286.502,0.0,0.0,185.0812,0.0646,0.3052,52.8354,9,44,35,Small,1,Low volume - interpret with caution
State Rep - Wyoming,West,1603.136,100.196,0.0625,1,1603.136,0.2,0.0,129.9378,0.0811,-0.0186,38.2288,38,45,7,Small,15,Low volume - interpret with caution
State Rep - South Dakota,Central,1315.56,394.8283,0.3001,12,109.63,0.0,0.0,213.1058,0.162,0.1381,45.1615,26,46,20,Small,5,Low volume - interpret with caution
State Rep - Maine,East,1270.53,454.4862,0.3577,8,158.8162,0.0,0.0,291.2468,0.2292,0.1285,47.2402,21,47,26,Small,3,Low volume - interpret with caution
State Rep - West Virginia,East,1209.824,185.9216,0.1537,4,302.456,0.075,0.25,149.8379,0.1239,0.0298,36.9648,39,48,9,Small,16,Low volume - interpret with caution
State Rep - North Dakota,Central,919.91,230.1497,0.2502,7,131.4157,0.0,0.0,116.9392,0.1271,0.1231,43.199,31,49,18,Small,10,Low volume - interpret with caution
